uniprot_id,domain_Archaea,domain_Bacteria,domain_Eukarya
A3MVR8,1,0,0
F9VMI9,1,0,0
Q4J702,1,0,0
Q5JI09,1,0,0
C7IV28,0,1,0
Q9HIM3,1,0,0
Q6L0S1,1,0,0
D4GSN2,1,0,0
H9ZGN0,0,0,1
G3FFC9,0,0,1
V9SCJ1,0,0,1
V9SDP6,0,0,1
V9SFA1,0,0,1
B2KJ46,0,0,1
Q8L3C9,0,1,0
Q70FD1,0,0,1
Q86RB1,0,0,1
A5HIF6,0,1,0
Q31QF3,0,1,0
P07913,0,1,0
E5RQ20,0,1,0
Q8KZM4,0,1,0
Q76KC2,0,1,0
Q308C1,0,1,0
Q04212,0,0,1
H6WCP4,0,0,1
Q763T4,0,0,1
B6HI95,0,0,1
Q1ACW3,0,0,1
Q1J2J0,0,1,0
P9WQP7,0,1,0
Q1MLL4,0,1,0
Q5JGC2,1,0,0
A0A0J9X283,0,1,0
O96437,0,0,1
C7FDI4,0,0,1
D7FMJ8,0,0,1
D8LI09,0,0,1
P53199,0,0,1
Q5UY95,1,0,0
Q9X265,0,1,0
Q5FQJ0,0,1,0
Q7S3U4,0,0,1
A0A0E4AX59,0,0,1
A0A0E4AY21,0,0,1
A4ISB9,0,1,0
A4IP64,0,1,0
P25539,0,1,0
P17618,0,1,0
O73949,1,0,0
U6CL97,0,1,0
A3GHR6,0,0,1
A3GHL4,0,0,1
A7B4V1,0,1,0
A0A0C1Q6R1,0,1,0
A0NIJ1,0,1,0
A0A0K2E8F8,0,1,0
P99106,0,1,0
A1KU15,0,1,0
Q5ZUR9,0,1,0
Q81W29,0,1,0
Q4VRV8,0,0,1
D1MF29,0,1,0
Q2SWW9,0,1,0
Q59Q46,0,0,1
A4PIB0,0,1,0
Q5FTU6,0,1,0
C4R4L0,0,0,1
C9E261,0,1,0
W0A856,0,1,0
B5L017,0,0,1
Q9X5C9,0,1,0
P95001,0,1,0
A0A1K3RIC7,0,1,0
A5U5Q2,0,1,0
Q56S04,0,1,0
P15770,0,1,0
Q6W3D0,0,0,1
Q5HNV1,0,1,0
Q88RQ5,0,1,0
Q88K85,0,1,0
Q88IJ7,0,1,0
Q88GF6,0,1,0
Q88JP1,0,1,0
Q9C4M5,1,0,0
Q9WZZ1,0,1,0
Q5SJA1,0,1,0
B1A4R6,0,1,0
P00344,0,1,0
W8CXQ9,0,1,0
P0C2T6,0,1,0
P50933,0,1,0
Q2VEQ7,1,0,0
F8A9V0,0,1,0
Q8RG11,0,1,0
A0A140N893,0,1,0
C0LJH4,0,1,0
Q9I530,0,1,0
Q9AKS9,0,1,0
A0A0E4AX59,0,0,1
A0A0E4AY21,0,0,1
Q5JFV8,1,0,0
Q308C1,0,1,0
Q58LW6,0,1,0
A4YI81,1,0,0
Q6QQP7,0,1,0
F9VNG5,1,0,0
Q56R01,0,1,0
Q5AIA2,0,0,1
Q58085,1,0,0
O66747,0,1,0
C5J3R6,0,0,1
A9QVV8,0,0,1
Q6Y0Z3,0,0,1
A0MTG4,0,0,1
Q46N53,0,1,0
Q5P5I4,0,1,0
A0A0H4SN47,0,0,1
P09347,0,1,0
Q59468,1,0,0
I7CKJ5,0,0,1
E5F146,0,1,0
Q48534,0,1,0
D3RXI4,1,0,0
Q9I1X3,0,1,0
Q6L047,1,0,0
O87871,0,1,0
A3MWU9,1,0,0
O08349,1,0,0
P10584,0,1,0
P80040,0,1,0
Q8X1C8,0,0,1
Q8TG27,0,0,1
Q9K3J3,0,1,0
G4T3S9,0,1,0
P40332,0,1,0
Q6M0B9,1,0,0
D4GP33,1,0,0
Q53TZ2,0,1,0
P26616,0,1,0
E1V4Y1,0,1,0
P39831,0,1,0
Q05016,0,0,1
B3TMR8,0,1,0
Q9I5I6,0,1,0
A4F2S6,0,1,0
B6E9W4,0,1,0
C8WJW0,0,1,0
C8WGQ3,0,1,0
A7AZH2,0,1,0
E7EKB8,0,1,0
A0A0E4A9D6,0,1,0
Q5JGC7,1,0,0
P76558,0,1,0
Q717I9,0,0,1
Q9F3K4,0,1,0
A6XP72,0,0,1
A4ADB8,0,1,0
Q9HLV8,1,0,0
B7GQR3,0,1,0
B2ZAA4,0,1,0
A8YGS2,0,1,0
Q1XIQ8,0,1,0
Q1XIQ9,0,1,0
Q2RIZ2,0,1,0
Q6NHC5,0,1,0
P31072,0,0,1
Q6WAT5,0,0,1
Q8GQE7,0,1,0
A6N8S2,0,1,0
P39485,0,1,0
Q9I1X3,0,1,0
A0A0H3FYM1,0,1,0
A6TGD6,0,1,0
Q9WYD4,0,1,0
R9UHL6,0,0,1
Q9HMB6,1,0,0
D4GP73,1,0,0
U6CL97,0,1,0
A0JC04,0,0,1
A1IG83,0,1,0
M4N626,0,1,0
Q00055,0,0,1
A0A060KZ16,0,0,1
A0A140JW77,0,0,1
A0A140JW76,0,0,1
P76251,0,1,0
P50455,1,0,0
D3PT81,0,1,0
A4CYJ9,1,0,0
Q5SIJ1,0,1,0
P40495,0,0,1
Q2K0Q7,0,1,0
Q86ZV0,0,0,1
Q6KAV2,0,0,1
A3FJ51,0,1,0
A3FJ49,0,1,0
C7G3B7,0,1,0
C7G3B8,0,1,0
C9K501,0,1,0
C9K502,0,1,0
C9K504,0,1,0
C9W9E3,0,1,0
D2SZY4,0,1,0
D2SZY5,0,1,0
Q6UG02,0,0,1
Q5NT46,0,1,0
T2M2J4,0,0,1
C8CCV9,0,0,1
Q9HFQ1,0,0,1
Q0PGS3,0,0,1
A0A068CB13,0,0,1
K9L4P7,0,0,1
A0LST6,0,1,0
D5KB61,0,1,0
Q8EEB0,0,1,0
H9NJ52,0,1,0
X5IDD2,0,1,0
D7VYA1,0,1,0
Q93RE1,0,1,0
E4WKM2,0,1,0
A7LGL0,0,1,0
A0A145Y386,0,0,1
I7FDJ2,0,0,1
O94219,0,0,1
V5NQ89,0,0,1
S6D3Q2,0,1,0
P15877,0,1,0
Q9HVF1,0,1,0
Q5ECC3,0,1,0
A0A1E1GL61,0,0,1
A0A1E1GL87,0,0,1
Q0CDD9,0,0,1
O28443,1,0,0
A0A140CUL9,0,1,0
Q9P8H5,0,0,1
S5RVR8,0,0,1
Q7Z975,0,0,1
Q01738,0,0,1
Q6AW20,0,0,1
Q6BDD5,0,0,1
S5R9V1,0,0,1
O42729,0,0,1
Q875J3,0,0,1
B6D1P2,0,0,1
Q2UNF9,0,0,1
B5G555,0,0,1
C1JCL7,0,0,1
O60199,0,0,1
Q02497,0,0,1
B0JDP9,0,0,1
Q8X1D1,0,0,1
H9C4A3,0,0,1
A8N3P5,0,0,1
A3F8Z8,0,0,1
Q97D83,0,1,0
B5U990,0,0,1
P11542,0,0,1
Q97WG5,1,0,0
O83522,0,1,0
Q9PER7,0,1,0
Q47KB1,0,1,0
T1SP91,0,1,0
O28050,1,0,0
Q939D2,0,1,0
Q6LA34,1,0,0
L8B3D7,0,1,0
P08303,0,1,0
P26901,0,1,0
Q9AQQ9,0,1,0
D7RJ66,0,1,0
Q8L2Z7,0,1,0
A0A0T6DN91,0,1,0
Q5F809,0,1,0
P22317,0,1,0
P22320,0,1,0
P22318,0,1,0
P22319,0,1,0
Q8NKS2,1,0,0
Q8NKS3,1,0,0
Q8NKS4,1,0,0
Q8NKS5,1,0,0
P32440,1,0,0
A7LBQ5,0,1,0
A7LBQ4,0,1,0
A9V766,0,0,1
A5HMH3,0,1,0
A7LB47,0,1,0
Q0K029,0,1,0
A7Y9J1,0,0,1
Q6KZ98,1,0,0
Q9I4G8,0,1,0
Q3BEM2,0,1,0
B0BK98,0,1,0
B0BK99,0,1,0
Q6QF56,0,1,0
Q6QF57,0,1,0
A9QT35,0,1,0
Q8KRD4,0,1,0
G4NAP4,0,0,1
Q7WSQ7,0,1,0
Q88E47,0,1,0
A9UVU0,0,0,1
P29082,1,0,0
A0A1W1WDM4,0,1,0
F8I6C7,0,1,0
Q5NTE5,0,1,0
F9FU71,0,0,1
A0A0S2SWE4,0,0,1
Q01284,0,0,1
P32021,0,1,0
P06617,0,1,0
Q70GL3,0,0,1
P39956,0,0,1
P32021,0,1,0
Q6WZB0,0,1,0
S5SPJ1,0,1,0
A0A1R1AUM9,0,1,0
Q8GI16,0,1,0
Q9EUT9,0,1,0
Q4H2B4,0,0,1
P71875,0,1,0
P9WJ93,0,1,0
B1N1A2,0,1,0
F8G0M4,0,1,0
P32009,0,1,0
Q9I0Q0,0,1,0
Q51548,0,1,0
B8QHP3,0,0,1
B8QHP5,0,0,1
Q9S3U8,0,1,0
Q5EXK1,0,1,0
Q8NLB6,0,1,0
Q9F131,0,1,0
O87082,0,1,0
A5HMH6,0,1,0
A5HMH7,0,1,0
A5HMH8,0,1,0
A5HMH9,0,1,0
A5HMI0,0,1,0
A5HMI1,0,1,0
Q3HTM1,0,1,0
A1XG20,0,0,1
Q93TJ5,0,1,0
Q52TE7,0,1,0
P9WJA1,0,1,0
Q603D5,0,1,0
A7LCL0,0,1,0
A7LCL1,0,1,0
A0A069AW73,0,1,0
B2CML6,0,1,0
O85057,0,1,0
Q9WWW6,0,1,0
Q06069,0,1,0
F5BFC8,0,1,0
B2Z3P7,0,1,0
P11935,0,0,1
Q2IU02,0,1,0
A5JZ19,0,0,1
C9QNK6,0,0,1
P75898,0,1,0
G7CFI3,0,1,0
B2AVF1,0,0,1
B2B629,0,0,1
Q7SCE9,0,0,1
A4Y0Y8,0,1,0
O69002,0,1,0
Q9HWR4,0,1,0
Q88JR7,0,1,0
Q88P48,0,1,0
Q4K657,0,1,0
Q4K7S1,0,1,0
Q885D4,0,1,0
Q887K9,0,1,0
D9Q0R7,1,0,0
P80857,1,0,0
M9QJD2,0,1,0
Q1HEQ0,0,0,1
F8V325,0,0,1
A3RLW7,0,0,1
A3NS93,0,1,0
P81527,0,1,0
J7H7U2,0,1,0
A9U908,0,1,0
J7HET3,0,1,0
B0B552,0,0,1
P84612,0,1,0
D9J041,0,1,0
E0XF09,0,1,0
Q8DL82,0,1,0
O54050,0,1,0
B1PHD1,0,1,0
B1PHD2,0,1,0
B1PHD3,0,1,0
G2QB71,0,0,1
W1Q801,0,0,1
Q845T0,0,1,0
P33677,0,0,1
E7FHX6,1,0,0
O67625,0,1,0
Q0VTB0,0,1,0
Q96YN9,1,0,0
O05268,0,1,0
A0ZSY5,0,0,1
Q0VTC7,0,1,0
P9WNX5,0,1,0
P0C0G6,0,1,0
Q81X74,0,1,0
Q01651,0,1,0
Q9RBF6,0,1,0
Q4F895,0,1,0
V4GH04,0,1,0
Q5P171,0,1,0
G7VCG0,1,0,0
Q9FAB1,0,1,0
Q8KZT4,0,1,0
Q971K2,1,0,0
Q9UXR8,1,0,0
B7J8J0,0,1,0
B1YBY5,1,0,0
A1U2T0,0,1,0
A1U3L3,0,1,0
P09546,0,1,0
Q6L285,1,0,0
Q2HQR3,0,1,0
Q3C1A6,0,1,0
Q2HQS4,0,1,0
Q2HQR6,0,1,0
Q2HQR8,0,1,0
Q2HQR7,0,1,0
Q2HQR4,0,1,0
Q2HQS0,0,1,0
Q2HQR5,0,1,0
Q2HQS1,0,1,0
O33468,0,1,0
Q72GU1,0,1,0
A5VEL7,0,1,0
Q96XT4,1,0,0
Q51739,1,0,0
Q8U3K2,1,0,0
P0A006,0,1,0
O30012,1,0,0
Q97LU2,0,1,0
Q5EU90,0,0,1
Q79ZT3,0,1,0
Q62L02,0,1,0
P0AEK4,0,1,0
P54616,0,1,0
P61431,0,1,0
Q65MU7,0,1,0
P07788,0,1,0
A8FAG9,0,1,0
Q9UVY4,0,0,1
Q33DR0,0,1,0
P00363,0,1,0
O29786,1,0,0
D3JV03,0,1,0
Q88K54,0,1,0
Q88L87,0,1,0
Q88L96,0,1,0
Q88LN6,0,1,0
G3FHJ1,0,1,0
Q6J213,0,0,1
G3FHJ1,0,1,0
C3UVB0,0,1,0
C6KID9,0,1,0
Q9AIK2,0,1,0
Q08352,0,1,0
A0A171,1,0,0
B3FYT6,1,0,0
C4LUA1,0,0,1
C8KIP3,0,0,1
G1UII1,0,1,0
O59312,1,0,0
Q9AJC6,0,1,0
Q3S559,0,1,0
P29051,1,0,0
Q977U6,1,0,0
A5LH94,0,1,0
Q9HYA4,0,1,0
Q46VA0,0,1,0
A3MWK6,1,0,0
Q977X9,1,0,0
Q8ILF7,0,0,1
Q8ILT0,0,0,1
Q2WCS9,0,1,0
P13154,0,1,0
A0A0P1J5J7,0,1,0
D6A5I3,0,1,0
A0A1S6XWY4,0,1,0
A0A1B1PF34,0,1,0
P38032,0,1,0
D7UTZ8,0,1,0
Q8VPD4,0,1,0
A1R2C3,0,1,0
A1RDD3,0,1,0
A0A077JN67,0,1,0
A3KEZ1,0,1,0
A1IJT7,0,1,0
C0MP41,1,0,0
V5YW53,0,1,0
Q9I492,0,1,0
Q5FB93,0,1,0
Q4U331,0,1,0
Q54801,0,1,0
P00381,0,1,0
Q7BPB0,0,1,0
Q27783,0,0,1
A4H4P8,0,0,1
S5M3K7,0,0,1
D1MX70,0,1,0
D1MX72,0,1,0
D1MYR1,0,1,0
Q8GME2,0,1,0
Q81BW8,0,1,0
P43127,0,1,0
Q47RA9,0,1,0
P80951,1,0,0
C5B2R8,0,1,0
B1A7S3,1,0,0
A9CJL8,0,1,0
Q8U022,1,0,0
Q8U1G2,1,0,0
O59089,1,0,0
O59445,1,0,0
Q76M73,1,0,0
Q76M76,1,0,0
Q5JFG2,1,0,0
Q5JFG7,1,0,0
I2D0K8,0,1,0
Q4CVA1,0,0,1
D1JH91,1,0,0
Q8TXY4,1,0,0
A1RVM8,1,0,0
P27306,0,1,0
A8WEG5,0,0,1
A8PYK0,0,0,1
Q5JFZ8,1,0,0
Q5JGF8,1,0,0
Q5JHY2,1,0,0
Q5JJB9,1,0,0
O58049,1,0,0
O29794,1,0,0
O29985,1,0,0
Q8E5N5,0,1,0
A1B9E3,0,1,0
Q9RFV6,0,1,0
B1B5E3,0,0,1
B1B5E4,0,0,1
J7KT48,0,1,0
Q6WRS9,0,1,0
Q9X4K2,0,1,0
D0EFL2,0,1,0
Q838N5,0,1,0
Q8EBE0,0,1,0
D5HN83,0,1,0
A0A073KHN9,0,1,0
Q4QEB3,0,0,1
Q3LGA9,0,1,0
D0RAY2,1,0,0
A0P951,0,1,0
A9ZRZ6,0,1,0
P78609,0,0,1
P11349,0,1,0
P11350,0,1,0
P09152,0,1,0
M0HXK1,1,0,0
A0A0S4RIT0,0,1,0
A7GXH2,0,1,0
Q8MZR8,0,0,1
Q95PT6,0,0,1
Q5JGF8,1,0,0
A4V929,1,0,0
A5N930,0,1,0
A0A0H2ZHZ0,0,1,0
A0A0H2ZB32,0,1,0
A0A0H2Z9F5,0,1,0
Q8NTE1,0,1,0
Q9NL96,0,0,1
A7AW73,0,0,1
B7J3E3,0,1,0
P14930,0,1,0
Q9AL99,0,1,0
P14930,0,1,0
Q9HJW5,1,0,0
C6WXA3,0,1,0
P83448,0,1,0
P83449,0,1,0
P83450,0,1,0
P26236,0,1,0
U2ZU49,0,1,0
Q8U3C9,1,0,0
F6KV61,1,0,0
Q9KJ20,0,1,0
Q9KJ22,0,1,0
Q83WC4,0,1,0
F6KV62,1,0,0
Q9KJ21,0,1,0
Q83WC3,0,1,0
O86169,0,1,0
P53123,0,0,1
P0A6U5,0,1,0
P95128,0,1,0
P75782,0,1,0
P13956,0,1,0
P0ADR6,0,1,0
P36999,0,1,0
Q9AEP4,0,1,0
A4VMZ0,0,1,0
C1DSW3,0,1,0
Q48F48,0,1,0
Q9S1M6,0,1,0
P0AGL7,0,1,0
P49017,0,0,1
Q9UY84,1,0,0
O67010,0,1,0
P57706,1,0,0
P15565,0,0,1
P54471,0,1,0
Q4J894,1,0,0
Q5JD38,1,0,0
Q9V1J7,1,0,0
Q5JD38,1,0,0
Q06803,0,1,0
A0QYR0,0,1,0
A0QYR0,0,1,0
P0A873,0,1,0
P38793,0,0,1
P18644,0,1,0
P52391,0,1,0
O87833,0,1,0
D5FKJ3,0,1,0
Q50539,1,0,0
Q50538,1,0,0
O30640,1,0,0
Q9F1Y5,0,1,0
Q8U248,1,0,0
Q57880,1,0,0
Q72IH5,0,1,0
Q59034,1,0,0
P25397,0,1,0
I6WHP7,0,0,1
Q60FX1,0,1,0
Q9UZR7,1,0,0
B3PM23,0,1,0
Q8X8S5,0,1,0
P25087,0,0,1
F0NBH8,1,0,0
Q27783,0,0,1
A4H4P8,0,0,1
P32783,0,0,1
O27970,1,0,0
O67467,0,1,0
Q9WZJ3,0,1,0
Q5CB51,0,0,1
A5K8L9,0,0,1
L7Y8B0,0,1,0
R9YJZ9,0,1,0
Q86LS9,0,0,1
I7H6W6,0,1,0
P0A786,0,1,0
Q51742,1,0,0
O93656,1,0,0
P68747,0,1,0
Q837U7,0,1,0
A0A0I9QGZ2,0,1,0
Q58980,1,0,0
Q9WYD1,0,1,0
P0A870,0,1,0
Q0E4W0,0,0,1
Q8U2A4,1,0,0
Q9WZ19,0,1,0
Q5SJ01,0,1,0
P9WG39,0,1,0
P9WG41,0,1,0
P45261,0,1,0
G4WJC8,0,1,0
P37251,0,1,0
Q5QKF8,0,1,0
H5ZXI0,0,0,1
H5ZXI1,0,0,1
B6VP39,0,1,0
Q5FAK7,0,1,0
Q49610,1,0,0
D1J8Z9,1,0,0
P9WQN9,0,1,0
B0I1V1,0,1,0
P0A722,0,1,0
Q8EZA6,0,1,0
Q6QHI7,0,1,0
O33391,0,1,0
P43889,0,1,0
Q6C5M4,0,0,1
A9YZX5,0,1,0
A9YZY0,0,1,0
A0SPA8,0,1,0
P0A6R0,0,1,0
C0LNR0,0,1,0
Q74C76,0,1,0
Q9HUU7,0,1,0
Q6T1W7,0,1,0
Q9XCW3,0,1,0
Q12052,0,0,1
Q9XB60,0,1,0
G0YYC4,0,0,1
P0ACV0,0,1,0
P24205,0,1,0
Q939X3,0,1,0
P53629,0,0,1
Q6F4D7,0,1,0
P95231,0,1,0
P43886,0,1,0
Q03BU2,0,1,0
D2Z028,0,1,0
D2Z028,0,1,0
Q6RVB3,0,1,0
P9WQD9,0,1,0
Q586W9,0,0,1
S8GJB1,0,0,1
S8F3V2,0,0,1
A0A125YMC0,0,0,1
Q9UTM7,0,0,1
Q81PT0,0,1,0
Q81R98,0,1,0
Q5YYQ3,0,1,0
A2V7M5,0,1,0
Q93UV0,0,1,0
Q59618,0,1,0
Q59601,0,1,0
Q6C5L8,0,0,1
A0A0K2X0F2,0,1,0
A4YEH9,1,0,0
D9J009,0,1,0
Q6KZT2,1,0,0
Q65KZ6,0,1,0
Q4KIM5,0,1,0
Q87W57,0,1,0
D4GWR6,1,0,0
Q58595,1,0,0
B0SN40,0,1,0
Q84H44,0,1,0
D4GS06,1,0,0
G8XQY5,0,1,0
Q2Z1A8,0,1,0
Q97YI7,1,0,0
Q71JU8,0,1,0
P42450,0,1,0
Q8U0Q0,1,0,0
O66932,0,1,0
Q9FDQ9,0,1,0
Q2VA40,0,0,1
Q2VA41,0,0,1
Q8GGV4,0,1,0
Q70XJ9,0,1,0
P21130,0,1,0
O54435,0,1,0
Q93FU9,0,1,0
O68609,0,1,0
Q883P5,0,1,0
Q88BN6,0,1,0
I7A3T6,0,1,0
A0A059ZV61,0,1,0
D4H6M0,0,1,0
Q820M5,0,1,0
Q1GY13,0,1,0
G4RK44,1,0,0
Q7WUI7,0,1,0
Q9HIW6,1,0,0
A4K8Z1,0,1,0
A4K8Z2,0,1,0
B3VA58,1,0,0
P29465,0,0,1
A6ZKY2,0,0,1
P23316,0,0,1
Q06321,0,0,1
A5DNB9,0,0,1
Q6CUV2,0,0,1
Q6BN88,0,0,1
A7KAK6,0,0,1
Q9Y751,0,0,1
Q93HU3,0,1,0
Q5JDJ7,1,0,0
Q3BJY5,0,1,0
Q1IZQ3,0,1,0
Q8DT52,0,1,0
P9WN45,0,1,0
A0A059Q746,0,0,1
Q9RTB7,0,1,0
P16954,0,1,0
A9ZPD1,0,0,1
Q3HUR2,1,0,0
Q8X268,1,0,0
P26827,0,1,0
P31797,0,1,0
Q53I75,1,0,0
P30920,0,1,0
C4MH58,0,1,0
P04830,0,1,0
O52766,0,1,0
B1VC16,0,1,0
Q5A6L6,0,0,1
A0A0M5MSC0,0,1,0
Q59316,0,1,0
Q7WTR6,0,1,0
B7XEJ1,0,1,0
B7XEJ0,0,1,0
E8MF13,0,1,0
Q5GMP2,0,1,0
Q9CID5,0,1,0
Q2VPS1,1,0,0
Q84B24,0,1,0
Q6WSQ4,0,1,0
B7SY86,0,1,0
P39107,0,0,1
Q9UTR6,0,0,1
O64925,0,0,1
O58762,1,0,0
Q1ARU5,0,1,0
O66937,0,1,0
P95868,1,0,0
B7A9X4,0,1,0
A6YM39,0,1,0
Q9FDV9,0,0,1
Q56775,0,1,0
A9QXB4,0,1,0
A9BHI9,0,1,0
A0R2E6,0,1,0
Q7UXY8,0,1,0
Q12XX4,1,0,0
A9BEU2,0,1,0
Q9RFR0,0,1,0
A9BHJ0,0,1,0
Q7URP0,0,1,0
Q01330,0,1,0
A9KT32,0,1,0
Q9F8X1,0,1,0
A9KM56,0,1,0
P9WMY3,0,1,0
Q9RN49,0,1,0
P36667,0,1,0
Q03084,0,1,0
Q077R2,0,1,0
B5L3F2,0,1,0
A9NG65,0,1,0
P54166,0,1,0
Q8A8Y4,0,1,0
Q8A8X4,0,1,0
Q8P3J4,0,1,0
D9TT09,0,1,0
B3VA59,1,0,0
A0R043,0,1,0
Q9ZEU2,0,1,0
G4T024,0,1,0
B9UNL6,0,1,0
A0A0F6TP16,0,1,0
H1X7X9,0,1,0
P85089,0,1,0
P85080,0,1,0
B2MUU6,0,1,0
Q2I2N5,0,1,0
O52224,0,1,0
G8XR50,0,1,0
D2CFL0,0,1,0
Q9L3Z9,0,1,0
C7DT60,0,1,0
D5FS20,0,1,0
A9ZRX3,0,1,0
B1N0B6,0,1,0
Q0P9B5,0,1,0
Q93MQ1,0,1,0
Q9K2V8,0,1,0
Q59495,0,1,0
B0F411,0,1,0
Q14EH6,0,1,0
Q5FI04,0,1,0
D6XUS4,0,1,0
Q65JC2,0,1,0
Q74K42,0,1,0
D3WYV9,0,1,0
Q8GP32,0,1,0
Q7X481,0,1,0
O42801,0,0,1
Q8U2I1,1,0,0
Q9KCN8,0,1,0
P9WJJ7,0,1,0
P29935,0,1,0
Q8U4Q8,1,0,0
Q9JP48,0,1,0
Q9HZK1,0,1,0
Q57878,1,0,0
Q58822,1,0,0
Q8R7L0,0,1,0
Q9RP48,0,1,0
O29918,1,0,0
Q8U4G1,1,0,0
Q5JFG9,1,0,0
Q0CQ16,0,0,1
Q9L9F1,0,1,0
Q8ZXM4,1,0,0
A2BIX4,1,0,0
Q5JIZ3,1,0,0
Q8A711,0,1,0
P0AC13,0,1,0
Q9WZC2,0,1,0
P09158,0,1,0
Q970Z7,1,0,0
Q9HIA7,1,0,0
Q0ZS46,0,0,1
A4VLZ3,0,1,0
C3MC80,0,1,0
Q60AN4,0,1,0
Q257D4,0,0,1
A0A0K2F2K4,0,0,1
Q9SDW9,0,0,1
A2BJU2,1,0,0
Q8II79,0,0,1
Q12051,0,0,1
A3MSR0,1,0,0
Q8DRB3,0,1,0
Q6GHH5,0,1,0
Q5LI17,0,1,0
P60472,0,1,0
A0A087IPJ7,0,1,0
M1WA41,0,0,1
B1A4C4,0,0,1
B1ZU21,0,1,0
Q89CN5,0,1,0
F1AQF9,0,0,1
Q38BX0,0,0,1
Q4GZD1,0,0,1
Q4UDC3,0,0,1
A3FQA5,0,0,1
B5APK2,0,0,1
Q84IF9,0,1,0
P45040,0,1,0
O15635,0,0,1
A4HPM6,0,0,1
A8YBS4,0,1,0
A8YBP8,0,1,0
Q1M0P5,0,1,0
Q93I77,0,1,0
Q76K51,0,1,0
Q9YEJ7,1,0,0
P0AB91,0,1,0
Q5R082,0,1,0
A0A090IMH4,0,1,0
Q8TZW1,1,0,0
Q9K5E4,0,1,0
P54419,0,1,0
Q3HW35,0,1,0
A8CBH8,0,0,1
W8JNL4,0,1,0
Q79FV4,0,1,0
P11458,0,1,0
Q9UUB1,0,0,1
Q8PYS1,1,0,0
Q5AJZ3,0,0,1
Q9YC66,1,0,0
Q9HH76,1,0,0
Q9Y7P0,0,0,1
Q5I7E1,0,1,0
O96142,0,0,1
Q939C9,0,1,0
Q8G8Y2,0,1,0
Q2MF17,0,1,0
Q53U20,0,1,0
Q58097,1,0,0
Q8EEB1,0,1,0
Q6LFH8,0,0,1
Q8G545,0,1,0
Q6DLZ8,0,0,1
S4UF58,0,0,1
Q9ZGH0,0,1,0
Q0P9D3,0,1,0
Q5XPV2,0,1,0
F2L0W0,1,0,0
Q0E9S8,0,1,0
Q7BPX6,0,1,0
H8WR05,0,1,0
P27833,0,1,0
O52250,0,1,0
A0A0S2VC96,0,1,0
Q9APM5,0,1,0
Q6JE91,0,1,0
P42588,0,1,0
Q7DC81,0,1,0
A0A060IGN1,0,0,1
G3XCK6,0,1,0
P77690,0,1,0
Q9X0D0,0,1,0
Q7ZAH1,1,0,0
Q5SLJ4,0,1,0
A0A172WCE4,0,0,1
Q969A8,0,0,1
A0SZU9,0,1,0
P33284,0,0,1
Q96VP5,0,0,1
Q52MQ5,0,0,1
Q6PY95,0,0,1
P09979,0,1,0
Q8NMT0,0,1,0
O59355,1,0,0
Q58999,1,0,0
Q8R8N4,0,1,0
O67060,0,1,0
E8MF12,0,1,0
Q58933,1,0,0
O58231,1,0,0
Q96YZ3,1,0,0
Q7LXP1,1,0,0
Q9HKZ0,1,0,0
Q4QNS8,0,1,0
Q12382,0,0,1
O07177,0,1,0
A1TH50,0,1,0
O54204,0,1,0
Q54944,0,1,0
Q9HK44,1,0,0
Q8RDE9,0,1,0
P54495,0,1,0
P0A4E1,0,1,0
A5U4N0,0,1,0
Q5JDG9,1,0,0
Q5JEK6,1,0,0
Q6L2I5,1,0,0
P0A6I3,0,1,0
Q4Q6K7,0,0,1
C4M2I2,0,0,1
O05510,0,1,0
G4T023,0,1,0
A1RX09,1,0,0
Q6GG09,0,1,0
P0AD62,0,1,0
Q5CSM7,0,0,1
P51182,0,1,0
Q96XN9,1,0,0
Q08224,0,0,1
Q76LT2,0,1,0
Q9ADE8,0,1,0
P0AEW6,0,1,0
Q57936,1,0,0
Q8IIB7,0,0,1
Q9FAF8,0,1,0
B8IF02,0,1,0
B0RP51,0,1,0
P58764,0,1,0
O66844,0,1,0
P9WI83,0,1,0
P9WI71,0,1,0
M1R344,0,1,0
Q8NU98,0,1,0
Q8NU97,0,1,0
O83032,0,1,0
C3W7W0,0,0,1
F2XG10,0,0,1
Q1H8W8,0,0,1
Q8WSQ3,0,0,1
P23293,0,0,1
P42527,0,0,1
P90648,0,0,1
Q9GRT1,0,0,1
Q8DT64,0,1,0
G3XD98,0,1,0
Q9HX42,0,1,0
P16497,0,1,0
Q9S434,0,1,0
Q9WYB1,0,1,0
P0CW04,1,0,0
Q9F1X7,0,1,0
A2RNG5,0,1,0
A2RNG4,0,1,0
G4T0C7,0,1,0
A0A0H3BY05,0,1,0
P20971,1,0,0
Q01655,0,1,0
Q95PK9,0,0,1
Q95PK8,0,0,1
P46273,0,0,1
A8JC04,0,0,1
Q6R6P5,0,1,0
Q01217,0,0,1
A0A0H2X8L7,0,1,0
Q0ASS9,0,1,0
Q38EV2,0,0,1
Q38EU9,0,0,1
Q38EV1,0,0,1
A0A0F6WMX1,0,1,0
U3T1K4,0,0,1
U3T2Y2,0,0,1
G5ADV1,0,0,1
Q72JY1,0,1,0
Q8DMA8,0,1,0
Q5NEQ5,0,1,0
B4EY92,0,1,0
B1HP60,0,1,0
Q5LSN8,0,1,0
Q5LX16,0,1,0
Q5LU04,0,1,0
Q8KT80,0,1,0
Q54BM7,0,0,1
A3MTW6,1,0,0
C4M387,0,0,1
Q60352,1,0,0
O26153,1,0,0
Q9HLX1,1,0,0
P43408,1,0,0
Q8GGL2,0,1,0
Q04ML5,0,1,0
Q4E256,0,0,1
Q9UUY8,0,0,1
Q08224,0,0,1
A3MV85,1,0,0
Q58761,1,0,0
Q97Z86,1,0,0
Q5NGA7,0,1,0
P26281,0,1,0
P53848,0,0,1
Q5NEV0,0,1,0
O26253,1,0,0
A8BIC5,0,0,1
P25576,0,0,1
Q4DPR9,0,0,1
O58649,1,0,0
P07874,0,1,0
Q8IDM2,0,0,1
Q8IE38,0,0,1
P9WJJ5,0,1,0
P9WMN3,0,1,0
P39669,0,1,0
Q8DNE6,0,1,0
Q8DVH2,0,1,0
P44805,0,1,0
P0A6I6,0,1,0
Q9I6D1,0,1,0
B9WCR8,0,0,1
O54003,1,0,0
Q57430,0,1,0
O58649,1,0,0
O58649,1,0,0
O66914,0,1,0
Q836D9,0,1,0
O66036,0,1,0
B8CBW8,0,0,1
Q9P381,0,0,1
B6JVL2,0,0,1
A7Y9V0,0,1,0
Q9AFG9,0,1,0
Q5UQX1,0,0,1
Q381M1,0,0,1
Q8RQD1,0,1,0
P0A0Y1,0,1,0
Q8PC56,0,1,0
Q8PC55,0,1,0
Q58517,1,0,0
D3YBH2,0,0,1
Q4QE75,0,0,1
Q9KPJ7,0,1,0
Q6ARU5,0,1,0
P81409,1,0,0
Q29Y55,1,0,0
A8A8J4,1,0,0
E9KLD9,1,0,0
A0SXL5,1,0,0
P74918,1,0,0
Q07635,1,0,0
K4Q1U9,0,1,0
P95690,1,0,0
P77933,1,0,0
Q7LYT8,1,0,0
P13382,0,0,1
P06961,0,1,0
Q8U1Z6,1,0,0
O67379,0,1,0
Q1AWQ0,0,1,0
Q9ZAE1,0,1,0
P12282,0,1,0
Q8GQP8,0,1,0
C7GP37,0,0,1
A0A0S3WYP3,0,0,1
P06197,0,0,1
C4TGF1,0,1,0
Q58653,1,0,0
D0U690,0,0,1
Q9X1N5,0,1,0
Q8U1Z6,1,0,0
O67379,0,1,0
P9WMW5,0,1,0
O27106,1,0,0
Q7LXU6,1,0,0
O27726,1,0,0
P75785,0,1,0
P0A2W7,0,1,0
Q5APF3,0,0,1
Q4QCW3,0,0,1
P23830,0,1,0
Q9GN79,0,0,1
Q4Q0M0,0,0,1
Q6LXJ6,1,0,0
I3RJK8,0,0,1
D4GYV5,1,0,0
B3EY95,0,1,0
G7VG08,1,0,0
Q8NKS0,1,0,0
F0QXN6,1,0,0
O28511,1,0,0
Q976W8,1,0,0
Q96Z02,1,0,0
M5DDN2,1,0,0
Q97VU2,1,0,0
G3JWZ2,0,1,0
B5THG6,0,1,0
Q840T2,0,1,0
Q8KT44,0,1,0
Q8KWI9,0,1,0
D0EPY0,0,1,0
Q3HWU8,0,1,0
Q75NT4,0,1,0
Q2TFW1,0,0,1
F0QXN6,1,0,0
B5BLW5,1,0,0
Q9LAH7,0,1,0
F9UMI7,0,1,0
Q7WZT5,0,1,0
Q5FSJ2,0,1,0
B3Y018,0,1,0
C7F6Y1,0,0,1
B7VFD0,0,0,1
V5YT97,0,1,0
Q0K9H3,0,1,0
Q8TZJ1,1,0,0
Q8U3I6,1,0,0
O28511,1,0,0
Q3T5M2,0,1,0
Q9L6D3,0,1,0
Q47RJ6,0,1,0
Q47RJ7,0,1,0
A0A0F7KL65,0,0,1
P77909,0,1,0
Q2TPV1,0,1,0
Q9F0Q9,0,1,0
Q84EK3,0,1,0
P19515,0,0,1
A8QYB2,0,1,0
Q9KJG6,0,1,0
Q4JL88,0,1,0
A0EJ12,0,1,0
A9QXC9,0,1,0
Q0MVP2,0,1,0
Q9S2A5,0,1,0
Q93J06,0,1,0
Q670W0,0,1,0
P61872,0,0,1
Q2QFX1,0,0,1
Q0MVP3,0,0,1
Q8NIN8,0,0,1
A7UM95,0,0,1
Q872L3,0,0,1
Q872L4,0,0,1
Q9P8F7,0,0,1
Q3HRV6,0,0,1
I0CKV2,0,0,1
I0CKV3,0,0,1
Q3IF07,0,1,0
Q7LST4,0,0,1
Q5GMI6,0,0,1
Q6KBS7,0,0,1
K0J3J2,0,1,0
H2EIY3,0,0,1
Q8RR52,0,1,0
Q6UV28,0,1,0
Q9WXT2,0,1,0
M1JUH6,0,1,0
A7YN26,0,0,1
B9WPN8,1,0,0
Q8TZI9,1,0,0
Q5JIE9,1,0,0
Q7Z8L3,0,0,1
Q8RBF4,0,1,0
E0RVY7,0,1,0
B8YIE0,0,0,1
Q09IZ4,0,0,1
H2ESB9,0,0,1
Q75P26,0,0,1
F2X2F9,0,0,1
F2X2G0,0,0,1
G2QND5,0,0,1
A0A1B1LML0,0,0,1
Q0CBM7,0,0,1
A0A068FNL1,0,0,1
Q8WZI8,0,0,1
Q9HGR3,0,0,1
Q9P979,0,0,1
V6BP73,0,0,1
Q3V6C9,0,0,1
E9LVH8,0,1,0
E9LVH9,0,1,0
P41744,0,0,1
A7EQQ8,0,0,1
S4VCH4,0,0,1
P12625,0,1,0
A0A8W8,0,1,0
C7A621,0,1,0
Q9KIF2,0,1,0
Q6UFW4,0,1,0
Q84C08,0,1,0
Q5Y152,0,1,0
Q6PLI2,0,1,0
Q97VU2,1,0,0
C6L862,0,1,0
P0CJ63,0,1,0
Q7B8C3,0,1,0
Q7B8C5,0,1,0
A3FJ64,0,1,0
Q7B8C1,0,1,0
Q7B8C0,0,1,0
Q7B8C2,0,1,0
Q7B8C4,0,1,0
Q8KI79,0,1,0
Q8KTW4,0,1,0
Q8KTW5,0,1,0
Q8KTW7,0,1,0
Q8KTW8,0,1,0
Q8KTW9,0,1,0
Q8KTX0,0,1,0
Q8KTX1,0,1,0
Q8RJA0,0,1,0
Q8RPW5,0,1,0
Q8RPW6,0,1,0
D2D3B6,0,1,0
C0LA90,0,1,0
Q9V2R8,1,0,0
Q97WI2,1,0,0
Q53VZ1,0,1,0
Q38DE2,0,0,1
P0AGG2,0,1,0
P41903,0,0,1
Q93CG9,0,1,0
P44886,0,1,0
P0A8Z0,0,1,0
P0AGG2,0,1,0
Q84HI6,0,1,0
D3JV05,0,1,0
Q81DR3,0,1,0
Q6KF36,0,0,1
Q581U6,0,0,1
G8ZFZ3,1,0,0
E7FHX4,1,0,0
Q7LXU0,1,0,0
Q97YX6,1,0,0
Q49422,0,1,0
P44443,0,1,0
Q9YET5,1,0,0
O29634,1,0,0
Q9X122,0,1,0
Q6L6Q4,0,1,0
P10442,0,1,0
P0A7Y4,0,1,0
Q00XA5,0,0,1
B1Q4S7,0,0,1
B1Q4V2,0,0,1
Q9UZV2,1,0,0
Q153J0,0,1,0
A8WEG4,0,1,0
C1K6P2,0,1,0
B0R9W3,1,0,0
Q1W622,0,1,0
D3GGN3,0,1,0
Q1W5Y8,0,1,0
Q88M11,0,1,0
Q8TZH9,1,0,0
F9VMT6,1,0,0
Q8NKR9,1,0,0
P21437,0,1,0
P0A9C9,0,1,0
G4RK44,1,0,0
Q7WUI6,0,1,0
O08367,1,0,0
Q4JAD1,1,0,0
Q4JB88,1,0,0
A9XDF5,0,1,0
A9XED1,0,1,0
A9XED2,0,1,0
A9XED3,0,1,0
A9XED4,0,1,0
P26093,0,1,0
P0AE22,0,1,0
P24031,0,0,1
B3EWC6,0,0,1
Q6FBP5,0,1,0
P07102,0,1,0
Q6RK08,0,1,0
Q003Y3,0,1,0
Q7CIZ7,0,1,0
H9TUK5,0,1,0
H9TUK6,0,1,0
Q000T0,0,1,0
B1GSN6,0,1,0
B4X9S4,0,1,0
B3VPB3,0,0,1
O93838,0,0,1
Q96VT0,0,0,1
Q96VF5,0,0,1
B3VPB2,0,0,1
Q96VH9,0,0,1
C4B6T1,0,0,1
B6YX36,1,0,0
P42941,0,0,1
A5HKK6,0,1,0
Q8L1N9,0,1,0
Q72JF6,0,1,0
Q6MNP0,0,1,0
P40025,0,0,1
Q2VPS0,1,0,0
Q9HTR2,0,1,0
Q6RK08,0,1,0
H9TUK5,0,1,0
Q8KTX7,0,1,0
A4UU76,0,1,0
D9D7K9,0,1,0
H9TUK6,0,1,0
Q6U677,0,1,0
O31097,0,1,0
P42094,0,1,0
Q84B22,0,1,0
H9C9P0,0,1,0
Q70E78,0,1,0
Q93GB6,0,1,0
Q9F657,0,1,0
F1DH12,0,1,0
O00085,0,0,1
P34752,0,0,1
B3VPB3,0,0,1
O93838,0,0,1
Q6T9Z6,0,0,1
D3HIF3,0,0,1
A7U7M0,0,0,1
B3VPB2,0,0,1
Q6YNE9,0,0,1
P9WIC6,0,1,0
O31667,0,1,0
P13717,0,1,0
Q7A6P2,0,1,0
Q3ZTU7,0,0,1
Q9TZN8,0,0,1
A6P7M9,0,1,0
P53052,0,1,0
Q5ZZJ8,0,1,0
U6C6H1,0,1,0
Q53728,0,1,0
Q8RB32,0,1,0
Q9HV27,0,1,0
Q9HWS0,0,1,0
Q9HX69,0,1,0
Q8EJM6,0,1,0
D4P095,0,1,0
Q58247,1,0,0
B5BLW5,1,0,0
P37669,0,1,0
Q5W503,0,1,0
K4L7X3,0,1,0
Q2QC88,1,0,0
B5ARZ9,0,1,0
P96107,0,1,0
P06279,0,1,0
Q47R94,0,1,0
L8B068,1,0,0
P06278,0,1,0
B8Y1H0,0,1,0
A8VWC5,0,1,0
P20845,0,1,0
D4P4Y7,0,0,1
P29957,0,1,0
C0JP83,0,1,0
C0JP82,0,1,0
Q9AF93,0,1,0
P0CW40,0,0,1
P53051,0,0,1
Q08295,0,0,1
P40884,0,0,1
Q9Z4P9,0,1,0
Q6RUF5,0,1,0
A8F6K5,0,1,0
C0HJE3,0,1,0
Q8J0Q0,0,0,1
Q99YP5,0,1,0
Q97LM4,0,1,0
Q97DP6,0,1,0
F7YUS1,0,1,0
A0A0A0V7L5,0,1,0
A3LY17,0,0,1
A9P7F5,0,1,0
A9P7F6,0,1,0
A9P7F7,0,1,0
A9P7F8,0,1,0
A9P7G0,0,1,0
A9P7G1,0,1,0
A9P7G2,0,1,0
A9P7G3,0,1,0
A3DM60,1,0,0
I3ZTN9,1,0,0
G8N704,0,1,0
C0LZ63,0,1,0
P19531,0,1,0
X5CPN2,0,1,0
Q9AIV2,0,1,0
A1XM14,0,1,0
Q8X211,0,0,1
A0A168KIJ9,0,0,1
A7M022,0,1,0
A3LY17,0,0,1
Q973G3,1,0,0
B3GGC7,0,0,1
A6YJX1,0,0,1
Q76EB5,0,0,1
Q75ZW9,0,1,0
B7UB89,0,1,0
Q1EM71,0,1,0
A5A699,0,1,0
Q9CE95,0,1,0
Q25BN2,0,1,0
Q5YLC0,0,0,1
A5YRG4,0,1,0
E5FGC5,0,1,0
D3YGV3,0,1,0
F8WSQ0,0,1,0
F8WSQ1,0,1,0
F8WSQ2,0,1,0
F8WSQ3,0,1,0
F8WSQ4,0,1,0
B3XZQ2,0,1,0
Q25BT4,0,1,0
Q12713,0,0,1
P48827,0,0,1
Q06HA3,0,0,1
B1VBB0,0,1,0
A0A024QYS6,0,1,0
B3TLD6,0,1,0
P95867,1,0,0
I3WU34,0,1,0
A0A061M1M5,0,1,0
B6F260,0,0,1
A8YPP2,0,1,0
A8YPP3,0,1,0
P47180,0,0,1
F5B9B9,0,0,1
Q6TA03,0,0,1
O59925,0,0,1
H8F9Y0,0,1,0
Q82K30,0,1,0
Q82M04,0,1,0
A1XP58,0,0,1
A1A048,0,1,0
E3W9G3,0,1,0
A1IGV8,0,1,0
Q7S2S4,0,0,1
Q76HN4,1,0,0
Q56F26,0,1,0
D2DMF3,0,1,0
Q8KKF9,0,1,0
B6E8Y7,0,0,1
O31521,0,1,0
A0A088T0J9,0,0,1
Q55FE6,0,0,1
F0ZJZ1,0,0,1
B3PBD9,0,1,0
D7GXF9,0,1,0
D7GXG0,0,1,0
Q9EZV6,0,1,0
Q9EZV7,0,1,0
Q8AAK9,0,1,0
Q9A0T3,0,1,0
Q8DR77,0,1,0
C6XY24,0,1,0
C6Y0D8,0,1,0
C6Y1N7,0,1,0
F7J1C8,0,0,1
E8MGH8,0,1,0
F7YTI3,0,1,0
I3ZTN9,1,0,0
P06547,0,1,0
Q9RM92,0,1,0
P36924,0,1,0
O33830,0,1,0
F9VPH0,1,0,0
P0CD66,1,0,0
Q745T6,0,1,0
Q4J9M3,1,0,0
Q8RDL1,0,1,0
Q6L2X4,1,0,0
Q2PCE3,1,0,0
Q9AI65,0,1,0
P56526,0,0,1
A2QJF7,0,0,1
Q9C0Y4,0,0,1
E1CJT1,0,0,1
Q9UWR7,1,0,0
Q9UWR7,1,0,0
E7FHY4,1,0,0
A1S0B1,1,0,0
A5IL97,0,1,0
Q0GA07,0,1,0
A4XIG7,0,1,0
Q9HIL6,1,0,0
Q4U4W7,0,0,1
A0A191KCR1,0,0,1
A0A191KCR0,0,0,1
Q8TGI8,0,0,1
A0A0B4RUW2,0,0,1
I6TNE2,0,1,0
Q9C3Z9,0,0,1
G1C1T5,0,1,0
A1C3J9,0,1,0
Q6QGY5,0,1,0
Q9P8F4,0,0,1
Q25BW5,0,0,1
Q25BW4,0,0,1
A5A4M8,0,0,1
Q9AT27,0,0,1
Q97U94,1,0,0
G2RGW4,0,0,1
Q6IYF5,0,1,0
Q2XQ11,0,1,0
H8Y263,0,0,1
O52629,1,0,0
E7FHC0,1,0,0
Q0R5R5,0,1,0
Q1G9Z4,0,1,0
A0SWS4,0,1,0
A0SWS3,0,1,0
Q19R71,0,1,0
Q19R72,0,1,0
O52847,0,1,0
A3FFK4,0,1,0
P29853,0,0,1
Q6QTF4,0,0,1
P00723,0,0,1
P81650,0,1,0
Q6L2X5,1,0,0
Q99YP5,0,1,0
O33833,0,1,0
Q564C7,0,1,0
Q0ZR36,0,0,1
B8YJM2,0,0,1
A1XBT9,0,1,0
O42783,0,0,1
A9XE63,0,0,1
A1YQE2,0,0,1
B6ZIV1,0,1,0
Q6KYX5,1,0,0
Q0H9W2,0,0,1
Q9C1V4,0,0,1
Q9A613,0,1,0
P08017,0,0,1
Q8TFE5,0,0,1
E2GDF4,0,0,1
Q97UI1,1,0,0
Q6W7J7,0,1,0
Q9AHJ8,0,1,0
Q7SFB0,0,0,1
A7XS03,0,0,1
B9K760,0,1,0
Q97UI4,1,0,0
A2ICH1,0,1,0
E7DXB6,0,1,0
A0A0A0R2Z1,0,1,0
O00089,0,0,1
A0A023J5W7,0,0,1
W8QRE4,0,0,1
K7T9D9,0,0,1
D4AHT5,0,0,1
Q2URT3,0,0,1
Q4AEG8,0,0,1
A5IL44,0,1,0
G0L5X4,0,1,0
G9M5R4,0,0,1
G4FFR3,0,1,0
Q97YG7,1,0,0
A7HLZ2,0,1,0
P10474,0,1,0
A0A0F7TAS1,0,1,0
Q8J0K6,0,0,1
Q8J0K7,0,0,1
A0A0F7Q1T8,0,0,1
X4YXV3,0,0,1
Q9LCC5,0,1,0
Q9AQF4,0,1,0
O65987,0,1,0
Q9LAJ2,0,1,0
Q9RGE6,0,1,0
Q3ZMA8,0,1,0
A8D0T0,0,1,0
B7UAM4,0,1,0
Q9PF60,0,1,0
Q83XK5,0,1,0
O74705,0,0,1
A7UGD9,0,0,1
A0A0N7E7X2,0,0,1
Q75UV6,0,0,1
B5BNY1,0,0,1
P21834,0,0,1
P21833,0,0,1
A7E948,0,0,1
C4PG45,0,1,0
C4PG47,0,1,0
O30772,1,0,0
Q9HHB0,1,0,0
C5IGQ7,0,1,0
Q6QHE9,0,1,0
I3WU34,0,1,0
Q6UVM5,0,1,0
Q8XM24,0,1,0
Q9WZR6,0,1,0
Q9CFI2,0,1,0
P96155,0,1,0
Q8TZP8,1,0,0
I3ZTQ5,1,0,0
Q5JJ59,1,0,0
Q5BLZ6,0,1,0
A5IKD0,0,1,0
Q9WYB7,0,1,0
F7YTI3,0,1,0
Q9XBQ3,0,1,0
Q841V6,0,1,0
E7CY70,0,1,0
E7DXB6,0,1,0
A0A0A0R2Z1,0,1,0
P94531,0,1,0
P94552,0,1,0
Q45071,0,1,0
Q2MJP5,0,1,0
Q82P90,0,1,0
D6QST5,0,0,1
Q6RKQ1,0,0,1
Q2UIM2,0,0,1
E2GHW5,0,0,1
B5MGR0,0,0,1
B5MGR1,0,0,1
L0N6Q8,0,0,1
B5MGR2,0,0,1
O00105,0,0,1
H6UWP3,0,0,1
A9YZW0,0,0,1
B2W4L0,0,0,1
G5DE31,0,0,1
A7L6C9,0,0,1
A0A0P0UPC6,0,1,0
Q8GMY0,0,1,0
Q84GK1,0,1,0
A8CGP1,0,1,0
Q65GW7,0,1,0
W8GV60,0,1,0
Q5W9U0,0,0,1
D1MI97,0,0,1
P28999,0,0,1
Q99040,0,1,0
Q2HWU5,0,1,0
Q5FMB7,0,1,0
S6DXG7,0,0,1
H9BZ70,0,0,1
K0A689,0,1,0
P04957,0,1,0
A8CGP1,0,1,0
G0YW23,0,1,0
Q21KE5,0,1,0
K7XFI7,0,1,0
B0FWI3,0,1,0
F8WPI4,0,0,1
A5IMX7,0,1,0
P49425,0,1,0
D0UHB3,0,1,0
Q0IJR6,0,1,0
Q49HI4,0,1,0
O05512,0,1,0
B5LX62,0,1,0
D0UH99,0,1,0
Q8P9S0,0,1,0
A2R6F5,0,0,1
B6V876,0,0,1
Q0PQY8,0,0,1
Q2LE69,0,0,1
Q00012,0,0,1
F7YXD6,0,1,0
Q56265,0,1,0
I6Z9A7,0,1,0
I6Z823,0,1,0
I7A603,0,1,0
C6ZHB0,0,1,0
Q6UN40,0,0,1
Q8J1V6,0,0,1
O43097,0,0,1
A0A0U5B5Z4,0,1,0
Q2I6W5,0,1,0
M4QNR9,0,1,0
E3WF08,0,1,0
B1A3N2,0,1,0
A0A0A0R2Z1,0,1,0
A0A067XRW0,0,1,0
A1XM14,0,1,0
Q45VU2,0,1,0
Q5EFR9,0,1,0
T2M1V1,0,1,0
Q8CJQ1,0,1,0
D1KJJ7,0,1,0
A7TVD4,0,1,0
Q9X584,0,1,0
P35809,0,0,1
F5CI28,0,0,1
Q3S401,0,0,1
Q8RJN8,0,1,0
Q2PGY1,0,0,1
B1B533,0,0,1
C3VEV9,0,0,1
Q6F4N4,0,1,0
G0ZDR5,0,1,0
E7FKF4,0,1,0
P43478,0,1,0
W8QF82,0,1,0
Q1JK37,0,1,0
P17411,0,1,0
Q9X0S8,0,1,0
Q65CX5,0,1,0
B5MGR3,0,0,1
P10474,0,1,0
A4XIF7,0,1,0
A3F8V2,0,0,1
A7WNU1,0,0,1
A7WNU2,0,0,1
G2QXZ9,0,0,1
Q8KKF7,0,1,0
A7WNT9,0,0,1
A7WNU0,0,0,1
W8P6D0,0,1,0
P13860,0,0,1
Q7LIJ0,0,0,1
Q5S1P9,0,0,1
I1SB08,0,0,1
Q7X0Z0,0,1,0
R4WHQ8,0,0,1
Q8DR60,0,1,0
Q8XMJ5,0,1,0
Q3T552,0,1,0
G5ELM1,0,1,0
Q833X5,0,1,0
A5IKD4,0,1,0
A4XJR7,0,1,0
B3EYM8,0,1,0
A0A0C4JZB0,0,0,1
Q65L63,0,1,0
Q65GB9,0,1,0
V5LER1,0,1,0
I6XPK9,0,0,1
Q5H7M8,0,0,1
A7UHH1,0,1,0
A7UHH1,0,1,0
Q88AH6,0,1,0
Q8ZYS2,1,0,0
Q8ZXE0,1,0,0
Q8U144,1,0,0
Q5SJG5,0,1,0
Q9HKW6,1,0,0
Q9Z7D3,0,1,0
Q9RWH9,0,1,0
Q59T47,0,0,1
Q04179,0,0,1
Q0PC20,0,1,0
Q56685,0,1,0
Q9F0R5,0,1,0
P33022,0,1,0
P50251,1,0,0
Q8FRJ4,0,1,0
A0A077AY47,0,1,0
B8D484,1,0,0
Q4A9M4,0,1,0
Q4DZJ3,0,0,1
Q95V76,0,0,1
Q7KF27,0,0,1
P24828,0,1,0
Q8RLK7,0,1,0
P25152,0,1,0
Q01693,0,1,0
Q8TZW4,1,0,0
P9WK19,0,1,0
P9WK21,0,1,0
G7H7Y1,0,0,1
Q8YG38,0,1,0
Q2UPZ7,0,0,1
Q2U9Z9,0,0,1
Q8J2N2,0,0,1
Q75V72,0,1,0
Q5WA30,0,1,0
Q8X1C7,0,0,1
M4MBM1,0,1,0
C6L823,0,0,1
P25152,0,1,0
Q2QC92,1,0,0
Q06241,0,1,0
P81535,1,0,0
O58885,1,0,0
O58691,1,0,0
O59565,1,0,0
A8WBX8,0,1,0
O35010,0,1,0
O66223,0,1,0
P24228,0,1,0
Q9HTZ1,0,1,0
P42663,0,1,0
Q973W9,1,0,0
Q7LX61,1,0,0
Q97VD6,1,0,0
L7Z147,0,1,0
O07883,1,0,0
O35002,0,1,0
P09391,0,1,0
D6BU29,0,1,0
P08594,0,1,0
P26937,0,1,0
Q2QC90,1,0,0
Q9X6R4,0,1,0
Q6HA27,0,0,1
A2QR21,0,0,1
B2RKP0,0,1,0
Q7M135,0,1,0
P15636,0,1,0
Q8NKS6,1,0,0
C9DRU9,0,1,0
Q84FG5,0,1,0
A8HYF7,0,1,0
Q5JIZ5,1,0,0
D0VYQ9,0,1,0
S5S2B8,0,0,1
P12547,0,0,1
B5Y6G0,0,1,0
Q51169,0,1,0
P44969,0,1,0
K0J2A4,0,1,0
K0J8D4,0,1,0
C0ZRJ2,0,1,0
P28784,0,1,0
B2RKU0,0,1,0
Q51844,0,1,0
Q01532,0,0,1
B2RLK2,0,1,0
A1S3N8,0,1,0
Q97WS1,1,0,0
Q97YX7,1,0,0
P17118,1,0,0
P17811,0,1,0
P09169,0,1,0
P34210,0,1,0
D2TNS3,0,1,0
Q4U6L1,0,1,0
Q4U6L2,0,1,0
L0AQH5,0,1,0
Q9F8Q4,0,1,0
C7EX18,0,0,1
Q3YAW3,0,1,0
P10845,0,1,0
P10844,0,1,0
Q00496,0,1,0
Q57236,0,1,0
C5A6Q4,1,0,0
Q5JHT1,1,0,0
R4L284,0,1,0
Q9RFN5,0,1,0
W0KM71,0,1,0
Q76KX0,0,1,0
Q57580,1,0,0
O53444,0,1,0
Q6F4N1,1,0,0
P37794,0,1,0
A6P4T5,0,1,0
Q99PX1,0,1,0
Q72G76,0,1,0
Q2HPP6,0,1,0
Q83YY8,0,1,0
Q0R3W5,0,1,0
Q93NG1,0,1,0
Q8NRQ7,0,1,0
Q51732,1,0,0
P31658,0,1,0
Q46948,0,1,0
P45470,0,1,0
O58453,1,0,0
C9K2Z6,0,1,0
Q9KQ52,0,1,0
Q8ESQ6,0,1,0
Q65NY1,0,1,0
Q81BN7,0,1,0
K7NB71,0,1,0
Q4U1A6,0,1,0
Q66V97,0,0,1
Q9I596,0,1,0
P38298,0,0,1
Q02896,0,0,1
Q2UN98,0,0,1
F7SGU2,0,1,0
F7SGA1,0,1,0
F7SHH3,0,1,0
H6WSA2,0,1,0
A5HKP3,0,1,0
Q2YS20,0,1,0
A0A087D2Y1,0,1,0
L0CM48,0,1,0
I3QNT6,0,1,0
I3QNT4,0,1,0
I3QNT2,0,1,0
I3QNT0,0,1,0
G0YYC2,0,1,0
I3QNS8,0,1,0
I3QNS9,0,1,0
I3QNS7,0,1,0
Q52UN2,0,1,0
B9V401,0,1,0
Q47898,0,1,0
I6Y4D2,0,1,0
A0A0H2YSJ7,0,1,0
P81717,0,1,0
F8AEP0,1,0,0
E3SVS0,0,1,0
P22984,0,1,0
B4XEY3,0,1,0
Q2V982,0,0,1
Q2V983,0,0,1
Q2V984,0,0,1
Q1XGD4,0,0,1
Q5SHB0,0,1,0
Q8EQR8,0,1,0
Q8J0S3,0,0,1
Q8FZW3,0,1,0
B3XPZ3,0,1,0
B3XPZ2,0,1,0
B3XPZ4,0,1,0
Q02890,0,0,1
Q5KR04,0,1,0
Q0BRB0,0,1,0
Q9ALV2,0,1,0
Q5S260,0,1,0
P0AES0,0,1,0
S4T8N6,0,1,0
I7HFV7,0,1,0
P9WIJ3,0,1,0
P0A6K3,0,1,0
C4M0W5,0,0,1
Q81PP9,0,1,0
Q9I234,0,1,0
B4E9I9,0,1,0
Q8Q0G3,1,0,0
Q68AP4,0,1,0
G3MDB2,0,1,0
Q4ZV08,0,1,0
C5NU54,0,1,0
Q1MW86,0,1,0
Q846U5,0,1,0
P65907,0,1,0
A6T7D6,0,1,0
L0CR34,0,1,0
B5L363,0,1,0
E6Y3G9,0,1,0
P62593,0,1,0
P28585,0,1,0
P13661,0,1,0
A3RIY0,0,1,0
A0A024FRL9,0,1,0
A0A0F6N6D4,0,1,0
H6WET3,0,1,0
H6WZS9,0,1,0
I3VKD5,0,1,0
J7I0S9,0,1,0
M1VE66,0,1,0
A5LH21,0,1,0
P16897,0,1,0
P14489,0,1,0
Q7DH52,0,1,0
Q2HY42,0,1,0
Q9K2N0,0,1,0
Q9XAY4,0,1,0
C7C422,0,1,0
G3GCC6,0,1,0
S5ZIP8,0,1,0
T2A6Y2,0,1,0
P05364,0,1,0
Q59401,0,1,0
O31272,0,1,0
F2YZ26,0,1,0
P00808,0,1,0
P52700,0,1,0
P04190,0,1,0
Q8GCU7,0,1,0
B6EPH0,0,1,0
P39138,0,1,0
Q57757,1,0,0
Q5KR05,0,1,0
Q9I6J9,0,1,0
Q9I6K2,0,1,0
Q5SJ85,0,1,0
Q5JI38,1,0,0
P75713,0,1,0
A0A089FQH5,0,1,0
A7LCN3,0,1,0
B5XMC3,0,1,0
Q2HYA0,0,1,0
A7LKB0,0,1,0
P77425,0,1,0
O41078,0,0,1
O41078,0,0,1
Q5SH52,0,1,0
Q8GLS8,0,1,0
P53909,0,0,1
Q9P6I7,0,0,1
L8BT48,0,0,1
P25539,0,1,0
P17618,0,1,0
O28344,1,0,0
D1JGU3,1,0,0
Q57609,1,0,0
A9CK16,0,1,0
Q8TWU6,1,0,0
Q58185,1,0,0
Q9S3M0,0,1,0
Q46A53,1,0,0
S5M6X9,0,1,0
A4LA85,0,1,0
Q1W2L4,0,1,0
Q5EG61,0,1,0
B6Q5I3,0,0,1
B0LAW4,0,1,0
Q02068,0,1,0
Q03217,0,1,0
G5DDB2,0,1,0
Q4KCL8,0,1,0
B8IP05,0,1,0
B1M5C5,0,1,0
Q8U438,1,0,0
O59570,1,0,0
O67501,0,1,0
Q8A5V9,0,1,0
Q7Z031,0,0,1
Q93Y52,0,0,1
Q949J1,0,0,1
Q97YV9,1,0,0
Q8NRR8,0,1,0
Q8NT99,0,1,0
Q6Y656,0,0,1
C0H4F3,0,0,1
C1AGW8,0,1,0
F9VN39,1,0,0
Q7LXU1,1,0,0
Q7LXX6,1,0,0
Q97V06,1,0,0
Q97VE6,1,0,0
Q97VZ8,1,0,0
Q97W25,1,0,0
Q97W53,1,0,0
Q97ZF9,1,0,0
Q97ZV2,1,0,0
Q8TGH6,0,0,1
Q9HEM6,0,0,1
Q6QHT8,0,0,1
Q5CXD0,0,0,1
P43341,0,1,0
Q75UV1,0,1,0
P0A776,0,1,0
O28046,1,0,0
D8KIT5,0,1,0
P84142,1,0,0
P95547,1,0,0
Q0ZS21,0,1,0
Q0ZS19,0,1,0
Q0ZS18,0,1,0
Q0ZS20,0,1,0
Q0ZS22,0,1,0
Q0ZS23,0,1,0
Q0ZS24,0,1,0
Q0ZS25,0,1,0
Q0ZS26,0,1,0
Q58439,1,0,0
Q4DMS3,0,0,1
Q208R5,0,0,1
Q5V9R8,0,1,0
Q5V9R9,0,1,0
Q5V9S0,0,1,0
Q5V9S1,0,1,0
Q5V9S2,0,1,0
P25297,0,0,1
P25360,0,0,1
P27514,0,0,1
P39535,0,0,1
P46920,0,1,0
P06611,0,1,0
Q9HUG8,0,1,0
O67203,0,1,0
O67432,0,1,0
P97046,0,1,0
P37093,0,1,0
O30438,0,1,0
Q9WYF3,0,1,0
Q93KD6,0,1,0
Q316W1,0,1,0
Q76DT8,0,0,1
P05659,0,0,1
Q9RA63,0,1,0
P95479,1,0,0
D0KN27,1,0,0
P95949,1,0,0
O24736,0,1,0
J7HDV0,0,0,1
P9WMP9,0,1,0
P07271,0,0,1
P35187,0,0,1
P51979,0,0,1
Q12039,0,0,1
Q9UUA2,0,0,1
Q8TZL6,1,0,0
P48424,1,0,0
P48425,1,0,0
J3T995,0,1,0
O30560,1,0,0
O30561,1,0,0
Q9HHA2,1,0,0
P30925,1,0,0
P35021,1,0,0
Q64214,1,0,0
P60785,0,1,0
Q8IJ32,0,0,1
Q9RWN5,0,1,0
M5AIH9,0,0,1
D5LIR7,0,0,1
O87872,0,1,0
Q0QFQ3,0,1,0
Q715L4,0,1,0
P9WNH5,0,1,0
B5SU85,0,1,0
Q88B12,0,1,0
Q96XE7,1,0,0
M9P6K0,0,1,0
Q73Y99,0,1,0
Q9XB14,0,1,0
G4I2J6,0,1,0
G4I5P8,0,1,0
A6G7B1,0,1,0
A8CFB7,0,1,0
E2RV69,0,1,0
A0A0P1IZI1,0,1,0
B8YPW8,0,1,0
A0A075Q354,0,1,0
A9H275,0,1,0
Q8KTX6,0,1,0
Q8NK65,0,0,1
Q8NK64,0,0,1
Q9UUT6,0,0,1
Q5S3L3,0,1,0
Q9R4W3,0,1,0
Q60FX6,0,1,0
Q60358,1,0,0
Q9X4N0,0,1,0
Q0GE18,0,1,0
P69910,0,1,0
B1B389,0,1,0
K4HXK6,0,1,0
D6PXK5,0,1,0
A9ZM78,0,1,0
Q58P26,0,0,1
A4Q8H0,0,1,0
Q9UWU1,1,0,0
Q5JFI4,1,0,0
Q5NT93,0,1,0
P28629,0,1,0
O34767,0,1,0
B3Y006,0,1,0
Q1JU59,0,1,0
Q1JU60,0,1,0
Q1JU61,0,1,0
Q1JU62,0,1,0
Q8KXD2,0,1,0
A2I9X8,0,1,0
J7GQ11,0,1,0
Q7B9Y8,0,1,0
Q97WG4,1,0,0
P0A3X6,0,1,0
Q6F494,1,0,0
Q96V00,0,0,1
O93627,1,0,0
Q8THG2,1,0,0
Q9YGB5,1,0,0
Q9UWY8,1,0,0
C0H3U9,0,1,0
P20906,0,1,0
Q684J7,0,1,0
P51852,0,1,0
P58314,1,0,0
Q980K6,1,0,0
Q9RHA2,0,1,0
A1YZ23,0,1,0
I3EBM6,0,1,0
D4GYE0,1,0,0
Q05567,0,0,1
A2BLE9,1,0,0
Q9Y948,1,0,0
B5IEU6,1,0,0
Q877I0,1,0,0
P75823,0,1,0
P37303,0,0,1
Q6KZI8,1,0,0
F9VPG1,1,0,0
A0JC77,0,1,0
Q88S87,0,1,0
Q88U67,0,1,0
Q97YI8,1,0,0
Q9I0K4,0,1,0
A8C781,0,1,0
A8C5K8,0,1,0
Q9YGB3,1,0,0
P9WFX3,0,1,0
Q2G160,0,1,0
Q9CKB0,0,1,0
B9DIJ2,0,1,0
P0A6L4,0,1,0
Q2L887,0,0,1
Q8IKP7,0,0,1
P51017,0,1,0
Q8GRC8,0,1,0
Q9V1F9,1,0,0
Q6LP64,0,1,0
O87943,0,1,0
Q39VF1,0,1,0
A2TBP7,0,1,0
P0A7J0,0,1,0
Q5A3V6,0,0,1
M1V623,0,0,1
A4IQU1,0,1,0
A0JC76,0,1,0
Q9XHE2,0,0,1
Q54764,0,1,0
Q7V6D4,0,1,0
C3W4Q7,1,0,0
P45148,0,1,0
C1L335,0,0,1
C1L336,0,0,1
P9WPX7,0,1,0
D3RXI0,1,0,0
E1CJF8,0,1,0
Q4K977,0,1,0
A4GXA0,0,1,0
Q4JQJ3,0,1,0
O31668,0,1,0
I7MAL0,0,0,1
Q9UWJ5,1,0,0
Q2YPV0,0,1,0
Q1ET73,0,1,0
P84193,0,0,1
Q47Q21,0,1,0
P72145,0,1,0
Q9HX12,0,1,0
P44862,0,1,0
E1XUJ2,0,1,0
P33247,0,1,0
Q9X024,0,1,0
P94368,0,1,0
Q97U27,1,0,0
Q6L1T2,1,0,0
H2VFK0,0,1,0
Q8KBL0,0,1,0
A5Y6J1,0,1,0
P55250,0,0,1
B1VB64,0,1,0
B1VB65,0,1,0
B1VB66,0,1,0
A8CH84,0,1,0
Q59475,0,1,0
A6NA25,0,1,0
A6NA24,0,1,0
A8CIU9,0,1,0
Q6L1T2,1,0,0
Q6FFQ2,0,1,0
D3JU53,0,0,1
Q97U96,1,0,0
O30012,1,0,0
B9E972,0,1,0
D3RXI4,1,0,0
P33025,0,1,0
F8U969,0,0,1
H3ZMH8,1,0,0
P24215,0,1,0
Q9KWL6,0,1,0
D0IZN8,0,1,0
Q93PS9,0,1,0
Q7SID3,0,1,0
Q7SID2,0,1,0
Q5XPL4,0,1,0
Q5XPL5,0,1,0
Q6XMT2,0,1,0
Q6XMT1,0,1,0
A5W402,0,1,0
P77215,0,1,0
Q8VLQ8,0,1,0
Q8VLQ7,0,1,0
Q6H8W8,0,1,0
Q6H8W9,0,1,0
Q6H8X0,0,1,0
Q6H8X1,0,1,0
Q6H8X2,0,1,0
Q6H8X4,0,1,0
Q6H8X5,0,1,0
Q6H8X6,0,1,0
Q6H8X7,0,1,0
Q6H8X8,0,1,0
Q6H8Y0,0,1,0
Q6H8Y1,0,1,0
Q6H8Y2,0,1,0
Q6H8Y3,0,1,0
Q6H8Y4,0,1,0
C0M9W4,0,1,0
Q01172,0,0,1
I6P4V6,0,1,0
D1MX66,0,1,0
Q46079,0,1,0
Q7X0P2,0,1,0
D8WN00,0,1,0
Q9X6Z2,0,1,0
D3JTC1,0,1,0
D3JTC2,0,1,0
D8X179,0,1,0
P39116,0,1,0
D8X180,0,1,0
B2ZFM0,0,1,0
D8X181,0,1,0
Q93J76,0,1,0
Q93RU6,0,1,0
P04959,0,1,0
P11073,0,1,0
P18209,0,1,0
P0C1A2,0,1,0
O50325,0,1,0
Q8P6Z9,0,1,0
Q8PCR8,0,1,0
J9R912,0,0,1
Q8GCB2,0,1,0
I2FIL2,0,0,1
P85513,0,1,0
T1RPY0,0,1,0
Q59478,0,1,0
G0L2Y1,0,1,0
I6P4V6,0,1,0
O50660,0,1,0
Q9L7P2,0,1,0
A1JMA5,0,1,0
C0JBW5,0,1,0
Q8KKH9,0,1,0
C7EXL6,0,1,0
Q9Z5P8,0,1,0
P9WG59,0,1,0
G3FNL7,0,0,1
Q9S5E2,0,1,0
A8D7K2,0,1,0
Q3M6C3,0,1,0
Q08VU0,0,1,0
C6WFL3,0,1,0
D9XD61,0,1,0
Q9X839,0,1,0
B0FLN6,0,1,0
Q82L49,0,1,0
Q9AJE3,0,1,0
Q82IV1,0,1,0
P56081,0,1,0
O29876,1,0,0
P22936,0,0,1
O15922,0,0,1
Q51507,0,1,0
Q0PC50,0,1,0
A0A0X1KHE6,0,0,1
Q4A041,0,1,0
Q3AEU2,0,1,0
Q2VMT1,0,0,1
O15918,0,0,1
A0R4I6,0,1,0
P0AB89,0,1,0
P12047,0,1,0
Q8RBI5,0,1,0
Q9I4W3,0,1,0
E9AFE7,0,0,1
Q5MQ31,0,1,0
D4GYV5,1,0,0
Q8L0X3,0,1,0
A6YH85,0,1,0
B7TXX4,0,1,0
P21161,0,1,0
Q50402,0,1,0
Q50403,0,1,0
Q8I7A1,0,0,1
Q5UFR5,0,1,0
P0DKX7,0,1,0
P00936,0,1,0
Q59119,0,1,0
P45723,0,1,0
Q9YBF1,1,0,0
Q9YE85,1,0,0
Q76EV4,0,1,0
A7E8M5,0,0,1
Q8R860,0,1,0
P63479,0,1,0
Q1XG01,0,1,0
Q932V0,0,1,0
P94494,0,1,0
P10725,0,1,0
Q9S5V6,0,1,0
Q2V0H1,1,0,0
M1GRN3,0,1,0
Q9A1B7,0,1,0
Q81LA8,0,1,0
Q81UL8,0,1,0
D7VBA0,0,1,0
P94556,0,1,0
S0APF4,1,0,0
M0LMI3,1,0,0
A8DEZ8,0,1,0
Q04HB7,0,1,0
S0APF4,1,0,0
Q9WYS1,0,1,0
B3XZI5,0,1,0
Q5LH66,0,1,0
P9WH11,0,1,0
C5J048,0,1,0
O33707,0,1,0
Q6LZC4,1,0,0
Q1N097,0,1,0
O73960,1,0,0
A3MUJ4,1,0,0
Q81JK4,0,1,0
Q81K34,0,1,0
Q9Y7X5,0,0,1
Q9XC59,0,1,0
A8RG82,0,1,0
C1KKR1,0,1,0
A7LVG6,0,1,0
A4YEG2,1,0,0
O06543,0,1,0
P0AC19,0,1,0
Q5YXQ1,0,1,0
F8G0M3,0,1,0
Q9P9H4,1,0,0
Q97VM8,1,0,0
B8E1U6,0,1,0
A4XHV7,0,1,0
D5LNE5,0,1,0
A8CEF6,0,1,0
B8DZQ9,0,1,0
A3E7Z6,0,1,0
D5MTT1,0,1,0
Q56320,0,1,0
P16250,0,1,0
B8E1T1,0,1,0
A4XJ56,0,1,0
P23495,0,1,0
O59601,1,0,0
Q9LBW5,0,1,0
D3QT67,0,1,0
Q2YIQ6,0,1,0
K7SW59,0,1,0
Q70G56,0,1,0
F6KRI7,0,1,0
Q2VMT2,0,1,0
Q6VAK6,0,1,0
A0LT86,0,1,0
Q9S467,0,1,0
I3ZR32,0,1,0
Q88S84,0,1,0
A9J246,0,1,0
Q65J10,0,1,0
G1JRK8,0,1,0
C7F8M0,0,1,0
D2DK62,0,1,0
O50083,1,0,0
P9WKD7,0,1,0
O58649,1,0,0
Q5SIM4,0,1,0
Q9AGZ4,0,1,0
Q9YE01,1,0,0
O28778,1,0,0
Q9HIC2,1,0,0
P50740,0,1,0
Q0QLE6,0,1,0
Q980T5,1,0,0
A9WC36,0,1,0
B3WD16,0,1,0
I6Y2G3,0,1,0
F4NCC3,0,0,1
Q6I7B6,1,0,0
Q980S1,1,0,0
F4NCC2,0,0,1
Q9KZL6,0,1,0
Q9KHJ9,0,1,0
Q0VZ68,0,1,0
B8ZV93,0,1,0
E1XUJ2,0,1,0
Q6XKX6,0,1,0
D0VX20,0,1,0
Q6XNK6,0,1,0
S5YEW8,0,1,0
Q9RJ84,0,1,0
O51799,0,1,0
Q5SL15,0,1,0
Q7WUI5,0,1,0
B1PK99,0,1,0
Q1J0Z5,0,1,0
B6E9W1,0,1,0
B8YM30,0,1,0
Q9RST7,0,1,0
P33247,0,1,0
B1PT66,0,1,0
B7XBM0,0,0,1
P48567,0,0,1
O30012,1,0,0
P9WIB9,0,1,0
A0QU81,0,1,0
Q9P4D8,0,0,1
Q6E7F1,0,1,0
A9CEQ8,0,1,0
Q06AK7,0,1,0
P9WG49,0,1,0
A5U8X0,0,1,0
Q81IH1,0,1,0
P95479,1,0,0
A3MU01,1,0,0
Q5KSK9,0,0,1
Q5UPJ7,0,0,1
Q9V011,1,0,0
O74634,0,0,1
Q4CW46,0,0,1
Q84F26,0,1,0
Q8I2B1,0,0,1
P39581,0,1,0
Q5SM28,0,1,0
Q6LZD3,1,0,0
Q9UWP2,1,0,0
P27000,0,1,0
P00962,0,1,0
P56926,0,1,0
O59147,1,0,0
O28579,1,0,0
P00953,0,1,0
Q8CT69,0,1,0
C4LU94,0,0,1
C4LUB5,0,0,1
C4M7U9,0,0,1
Q580R7,0,0,1
Q5CYP8,0,0,1
O57980,1,0,0
O07683,1,0,0
Q1L6A3,1,0,0
O30126,1,0,0
Q9YDW0,1,0,0
Q9YFY3,1,0,0
Q58597,1,0,0
Q980D1,1,0,0
P26637,0,0,1
Q45477,0,1,0
O57963,1,0,0
Q9YFT9,1,0,0
Q9RHV9,0,1,0
P74941,0,1,0
Q2I0L7,1,0,0
Q2XNL6,1,0,0
Q6EMJ3,0,1,0
F1CYZ6,0,1,0
Q8TLW1,1,0,0
O74725,0,0,1
Q81K97,0,1,0
Q5CD72,0,1,0
Q72K16,0,1,0
D3GE78,0,0,1
O74725,0,0,1
Q9I4X3,0,1,0
Q973W5,1,0,0
A4YDR9,1,0,0
Q5LVM3,0,1,0
A8BBP6,0,0,1
Q6TNA5,0,1,0
P0A836,0,1,0
P0AGE9,0,1,0
Q0VPF7,0,1,0
Q0VPF8,0,1,0
W0PAN5,0,1,0
W0PFR9,0,1,0
B3TZD9,0,1,0
B3TZD8,0,1,0
Q60182,1,0,0
Q9HH09,1,0,0
O08467,1,0,0
Q4ZH57,0,1,0
P9WN39,0,1,0
B8ZJH0,1,0,0
Q9HKT2,1,0,0
Q9HKT1,1,0,0
P0AES0,0,1,0
Q5DM89,0,0,1
G5D5D5,0,0,1
Q5DM89,0,0,1
Q711P7,0,0,1
Q2FV22,0,1,0
I6Y0R5,0,1,0
P9WJL3,0,1,0
P0ADI4,0,1,0
P10378,0,1,0
P11454,0,1,0
P0A6W9,0,1,0
Q3IFA2,0,1,0
O28028,1,0,0
Q58178,1,0,0
Q58407,1,0,0
Q58037,1,0,0
O28028,1,0,0
Q58178,1,0,0
P46805,0,1,0
Q2N4T5,0,1,0
Q5H614,0,1,0
Q8PUQ1,1,0,0
P37773,0,1,0
B5UAT8,0,1,0
Q73KK9,0,1,0
C0STU2,0,1,0
B2DEW2,0,1,0
Q842E2,0,1,0
Q2FZP6,0,1,0
A5U4I2,0,1,0
O66837,0,1,0
P0A7E5,0,1,0
C7P8V7,1,0,0
Q57981,1,0,0
B0V8W9,0,1,0
O59071,1,0,0
O59072,1,0,0
Q8J2Z5,1,0,0
Q12721,0,0,1
Q6SZP8,0,0,1
Q57635,1,0,0
Q976G4,1,0,0
Q9P9K9,1,0,0
Q50566,1,0,0
C4M5H3,0,0,1
O41026,0,0,1
Q9F150,0,1,0
P49421,0,1,0
Q9HH07,1,0,0
P26162,0,1,0
