uniprot_id,ec
A3MVR8,1.1.1.1
F9VMI9,1.1.1.1
Q4J702,1.1.1.1
Q5JI09,1.1.1.1
C7IV28,1.1.1.1
Q9HIM3,1.1.1.1
Q6L0S1,1.1.1.1
D4GSN2,1.1.1.1
H9ZGN0,1.1.1.1
G3FFC9,1.1.1.1
V9SCJ1,1.1.1.1
V9SDP6,1.1.1.1
V9SFA1,1.1.1.1
B2KJ46,1.1.1.1
Q8L3C9,1.1.1.1
Q70FD1,1.1.1.10
Q86RB1,1.1.1.100
A5HIF6,1.1.1.100
Q31QF3,1.1.1.100
P07913,1.1.1.103
E5RQ20,1.1.1.103
Q8KZM4,1.1.1.103
Q76KC2,1.1.1.107
Q308C1,1.1.1.11
Q04212,1.1.1.116
H6WCP4,1.1.1.12
Q763T4,1.1.1.12
B6HI95,1.1.1.12
Q1ACW3,1.1.1.138
Q1J2J0,1.1.1.14
P9WQP7,1.1.1.145
Q1MLL4,1.1.1.16
Q5JGC2,1.1.1.169
A0A0J9X283,1.1.1.169
O96437,1.1.1.17
C7FDI4,1.1.1.17
D7FMJ8,1.1.1.17
D8LI09,1.1.1.17
P53199,1.1.1.170
Q5UY95,1.1.1.179
Q9X265,1.1.1.184
Q5FQJ0,1.1.1.184
Q7S3U4,1.1.1.184
A0A0E4AX59,1.1.1.184
A0A0E4AY21,1.1.1.184
A4ISB9,1.1.1.192
A4IP64,1.1.1.192
P25539,1.1.1.193
P17618,1.1.1.193
O73949,1.1.1.2
U6CL97,1.1.1.2
A3GHR6,1.1.1.2
A3GHL4,1.1.1.2
A7B4V1,1.1.1.201
A0A0C1Q6R1,1.1.1.202
A0NIJ1,1.1.1.202
A0A0K2E8F8,1.1.1.205
P99106,1.1.1.205
A1KU15,1.1.1.205
Q5ZUR9,1.1.1.205
Q81W29,1.1.1.205
Q4VRV8,1.1.1.205
D1MF29,1.1.1.205
Q2SWW9,1.1.1.205
Q59Q46,1.1.1.205
A4PIB0,1.1.1.215
Q5FTU6,1.1.1.215
C4R4L0,1.1.1.219
C9E261,1.1.1.22
W0A856,1.1.1.22
B5L017,1.1.1.22
Q9X5C9,1.1.1.24
P95001,1.1.1.25
A0A1K3RIC7,1.1.1.25
A5U5Q2,1.1.1.25
Q56S04,1.1.1.25
P15770,1.1.1.25
Q6W3D0,1.1.1.25
Q5HNV1,1.1.1.25
Q88RQ5,1.1.1.25
Q88K85,1.1.1.25
Q88IJ7,1.1.1.25
Q88GF6,1.1.1.25
Q88JP1,1.1.1.25
Q9C4M5,1.1.1.26
Q9WZZ1,1.1.1.267
Q5SJA1,1.1.1.27
B1A4R6,1.1.1.27
P00344,1.1.1.27
W8CXQ9,1.1.1.27
P0C2T6,1.1.1.27
P50933,1.1.1.27
Q2VEQ7,1.1.1.272
F8A9V0,1.1.1.28
Q8RG11,1.1.1.28
A0A140N893,1.1.1.28
C0LJH4,1.1.1.28
Q9I530,1.1.1.28
Q9AKS9,1.1.1.28
A0A0E4AX59,1.1.1.283
A0A0E4AY21,1.1.1.283
Q5JFV8,1.1.1.286
Q308C1,1.1.1.287
Q58LW6,1.1.1.287
A4YI81,1.1.1.298
Q6QQP7,1.1.1.298
F9VNG5,1.1.1.3
Q56R01,1.1.1.3
Q5AIA2,1.1.1.3
Q58085,1.1.1.302
O66747,1.1.1.302
C5J3R6,1.1.1.307
A9QVV8,1.1.1.307
Q6Y0Z3,1.1.1.307
A0MTG4,1.1.1.307
Q46N53,1.1.1.308
Q5P5I4,1.1.1.311
A0A0H4SN47,1.1.1.320
P09347,1.1.1.327
Q59468,1.1.1.34
I7CKJ5,1.1.1.34
E5F146,1.1.1.344
Q48534,1.1.1.345
D3RXI4,1.1.1.35
Q9I1X3,1.1.1.357
Q6L047,1.1.1.360
O87871,1.1.1.368
A3MWU9,1.1.1.37
O08349,1.1.1.37
P10584,1.1.1.37
P80040,1.1.1.37
Q8X1C8,1.1.1.37
Q8TG27,1.1.1.37
Q9K3J3,1.1.1.37
G4T3S9,1.1.1.37
P40332,1.1.1.370
Q6M0B9,1.1.1.374
D4GP33,1.1.1.376
Q53TZ2,1.1.1.376
P26616,1.1.1.38
E1V4Y1,1.1.1.380
P39831,1.1.1.381
Q05016,1.1.1.381
B3TMR8,1.1.1.384
Q9I5I6,1.1.1.387
A4F2S6,1.1.1.39
B6E9W4,1.1.1.39
C8WJW0,1.1.1.391
C8WGQ3,1.1.1.391
A7AZH2,1.1.1.393
E7EKB8,1.1.1.4
A0A0E4A9D6,1.1.1.4
Q5JGC7,1.1.1.40
P76558,1.1.1.40
Q717I9,1.1.1.40
Q9F3K4,1.1.1.40
A6XP72,1.1.1.40
P0DOW0,1.1.1.401
A4ADB8,1.1.1.41
Q9HLV8,1.1.1.42
B7GQR3,1.1.1.42
B2ZAA4,1.1.1.42
A8YGS2,1.1.1.42
Q1XIQ8,1.1.1.42
Q1XIQ9,1.1.1.42
Q2RIZ2,1.1.1.44
Q6NHC5,1.1.1.44
P31072,1.1.1.44
Q6WAT5,1.1.1.44
Q8GQE7,1.1.1.47
A6N8S2,1.1.1.47
P39485,1.1.1.47
Q9I1X3,1.1.1.50
A0A0H3FYM1,1.1.1.56
A6TGD6,1.1.1.6
Q9WYD4,1.1.1.67
R9UHL6,1.1.1.67
Q9HMB6,1.1.1.71
D4GP73,1.1.1.71
U6CL97,1.1.1.71
A0JC04,1.1.1.73
A1IG83,1.1.1.75
M4N626,1.1.1.76
Q00055,1.1.1.8
A0A060KZ16,1.1.1.8
A0A140JW77,1.1.1.8
A0A140JW76,1.1.1.8
P76251,1.1.1.83
P50455,1.1.1.85
D3PT81,1.1.1.86
A4CYJ9,1.1.1.87
Q5SIJ1,1.1.1.87
P40495,1.1.1.87
Q2K0Q7,1.1.1.9
Q86ZV0,1.1.1.9
Q6KAV2,1.1.1.9
A3FJ51,1.1.2.7
A3FJ49,1.1.2.7
C7G3B7,1.1.2.8
C7G3B8,1.1.2.8
C9K501,1.1.2.8
C9K502,1.1.2.8
C9K504,1.1.2.8
C9W9E3,1.1.2.8
D2SZY4,1.1.2.8
D2SZY5,1.1.2.8
Q6UG02,1.1.3.10
Q5NT46,1.1.3.12
T2M2J4,1.1.3.13
C8CCV9,1.1.3.37
Q9HFQ1,1.1.3.4
Q0PGS3,1.1.3.4
A0A068CB13,1.1.3.4
K9L4P7,1.1.3.4
A0LST6,1.1.3.41
D5KB61,1.1.3.47
Q8EEB0,1.1.3.48
H9NJ52,1.1.3.6
X5IDD2,1.1.3.6
D7VYA1,1.1.3.6
Q93RE1,1.1.3.6
E4WKM2,1.1.3.6
A7LGL0,1.1.3.6
A0A145Y386,1.1.3.7
I7FDJ2,1.1.3.7
O94219,1.1.3.7
V5NQ89,1.1.3.9
S6D3Q2,1.1.5.11
P15877,1.1.5.2
Q9HVF1,1.1.5.4
Q5ECC3,1.1.5.4
A0A1E1GL61,1.1.5.9
A0A1E1GL87,1.1.5.9
Q0CDD9,1.1.5.9
O28443,1.1.98.4
A0A140CUL9,1.1.99.13
Q9P8H5,1.1.99.18
S5RVR8,1.1.99.18
Q7Z975,1.1.99.18
Q01738,1.1.99.18
Q6AW20,1.1.99.18
Q6BDD5,1.1.99.18
S5R9V1,1.1.99.18
O42729,1.1.99.18
Q875J3,1.1.99.18
B6D1P2,1.1.99.18
Q2UNF9,1.10.3.1
B5G555,1.10.3.2
C1JCL7,1.10.3.2
O60199,1.10.3.2
Q02497,1.10.3.2
B0JDP9,1.10.3.2
Q8X1D1,1.10.3.2
H9C4A3,1.10.3.2
A8N3P5,1.10.3.2
A3F8Z8,1.10.3.2
Q97D83,1.11.1.1
B5U990,1.11.1.13
P11542,1.11.1.14
Q97WG5,1.11.1.15
O83522,1.11.1.15
Q9PER7,1.11.1.15
Q47KB1,1.11.1.19
T1SP91,1.11.1.19
O28050,1.11.1.21
Q939D2,1.11.1.21
Q6LA34,1.11.1.6
L8B3D7,1.11.1.6
P08303,1.11.1.6
P26901,1.11.1.6
Q9AQQ9,1.11.1.6
D7RJ66,1.11.1.6
Q8L2Z7,1.11.1.6
A0A0T6DN91,1.11.1.6
Q5F809,1.11.1.7
P22317,1.12.1.2
P22320,1.12.1.2
P22318,1.12.1.2
P22319,1.12.1.2
Q8NKS2,1.12.1.3
Q8NKS3,1.12.1.3
Q8NKS4,1.12.1.3
Q8NKS5,1.12.1.3
P32440,1.12.98.2
A7LBQ5,1.13.11.1
A7LBQ4,1.13.11.1
A9V766,1.13.11.11
A5HMH3,1.13.11.2
A7LB47,1.13.11.2
Q0K029,1.13.11.20
A7Y9J1,1.13.11.24
Q6KZ98,1.13.11.27
Q9I4G8,1.13.11.33
Q3BEM2,1.13.11.37
B0BK98,1.13.11.38
B0BK99,1.13.11.38
Q6QF56,1.13.11.39
Q6QF57,1.13.11.39
A9QT35,1.13.11.39
Q8KRD4,1.13.11.39
G4NAP4,1.13.11.45
Q7WSQ7,1.13.11.48
Q88E47,1.13.11.5
A9UVU0,1.13.11.52
P29082,1.13.11.55
A0A1W1WDM4,1.13.11.55
F8I6C7,1.13.11.55
Q5NTE5,1.13.11.57
F9FU71,1.13.11.60
A0A0S2SWE4,1.13.11.60
Q01284,1.13.12.16
P32021,1.13.12.19
P06617,1.13.12.3
Q70GL3,1.13.99.1
P39956,1.14.11.27
P32021,1.14.11.34
Q6WZB0,1.14.11.41
S5SPJ1,1.14.11.45
A0A1R1AUM9,1.14.11.55
Q8GI16,1.14.12.22
Q9EUT9,1.14.13.107
Q4H2B4,1.14.13.12
P71875,1.14.13.142
P9WJ93,1.14.13.142
B1N1A2,1.14.13.163
F8G0M4,1.14.13.163
P32009,1.14.13.180
Q9I0Q0,1.14.13.182
Q51548,1.14.13.195
B8QHP3,1.14.13.205
B8QHP5,1.14.13.205
Q9S3U8,1.14.13.217
Q5EXK1,1.14.13.24
Q8NLB6,1.14.13.24
Q9F131,1.14.13.24
O87082,1.14.13.69
A5HMH6,1.14.13.7
A5HMH7,1.14.13.7
A5HMH8,1.14.13.7
A5HMH9,1.14.13.7
A5HMI0,1.14.13.7
A5HMI1,1.14.13.7
Q3HTM1,1.14.13.70
A1XG20,1.14.13.70
Q93TJ5,1.14.13.84
Q52TE7,1.14.14.1
P9WJA1,1.14.14.12
Q603D5,1.14.14.17
A7LCL0,1.14.14.20
A7LCL1,1.14.14.20
A0A069AW73,1.14.14.20
B2CML6,1.14.14.21
O85057,1.14.14.51
Q9WWW6,1.14.15.3
Q06069,1.14.15.8
F5BFC8,1.14.16.7
B2Z3P7,1.14.18.1
P11935,1.14.20.1
Q2IU02,1.14.99.15
A5JZ19,1.14.99.29
C9QNK6,1.14.99.29
P75898,1.14.99.46
G7CFI3,1.14.99.50
B2AVF1,1.14.99.54
B2B629,1.14.99.54
Q7SCE9,1.14.99.55
A4Y0Y8,1.14.99.58
O69002,1.14.99.58
Q9HWR4,1.14.99.58
Q88JR7,1.14.99.58
Q88P48,1.14.99.58
Q4K657,1.14.99.58
Q4K7S1,1.14.99.58
Q885D4,1.14.99.58
Q887K9,1.14.99.58
D9Q0R7,1.15.1.1
P80857,1.15.1.1
M9QJD2,1.15.1.1
Q1HEQ0,1.15.1.1
F8V325,1.15.1.1
A3RLW7,1.15.1.1
A3NS93,1.15.1.1
P81527,1.15.1.1
J7H7U2,1.15.1.1
A9U908,1.15.1.1
J7HET3,1.15.1.1
B0B552,1.15.1.1
P84612,1.15.1.1
D9J041,1.16.1.1
E0XF09,1.16.1.1
Q8DL82,1.16.3.1
O54050,1.17.1.4
B1PHD1,1.17.1.5
B1PHD2,1.17.1.5
B1PHD3,1.17.1.5
G2QB71,1.17.1.9
W1Q801,1.17.1.9
Q845T0,1.17.1.9
P33677,1.17.1.9
E7FHX6,1.17.4.1
O67625,1.17.7.4
Q0VTB0,1.18.1.1
Q96YN9,1.18.1.2
O05268,1.18.1.2
A0ZSY5,1.18.1.2
Q0VTC7,1.18.1.2
P9WNX5,1.2.1.11
P0C0G6,1.2.1.12
Q81X74,1.2.1.12
Q01651,1.2.1.12
Q9RBF6,1.2.1.16
Q4F895,1.2.1.3
V4GH04,1.2.1.39
Q5P171,1.2.1.39
G7VCG0,1.2.1.4
Q9FAB1,1.2.1.48
Q8KZT4,1.2.1.5
Q971K2,1.2.1.59
Q9UXR8,1.2.1.70
B7J8J0,1.2.1.70
B1YBY5,1.2.1.76
A1U2T0,1.2.1.84
A1U3L3,1.2.1.84
P09546,1.2.1.88
Q6L285,1.2.1.89
Q2HQR3,1.2.1.9
Q3C1A6,1.2.1.9
Q2HQS4,1.2.1.9
Q2HQR6,1.2.1.9
Q2HQR8,1.2.1.9
Q2HQR7,1.2.1.9
Q2HQR4,1.2.1.9
Q2HQS0,1.2.1.9
Q2HQR5,1.2.1.9
Q2HQS1,1.2.1.9
O33468,1.2.4.1
Q72GU1,1.2.4.4
A5VEL7,1.2.5.2
Q96XT4,1.2.7.11
Q51739,1.2.7.5
Q8U3K2,1.2.7.6
P0A006,1.20.4.4
O30012,1.3.1.12
Q97LU2,1.3.1.44
Q5EU90,1.3.1.44
Q79ZT3,1.3.1.85
Q62L02,1.3.1.9
P0AEK4,1.3.1.9
P54616,1.3.1.9
P61431,1.3.1.98
Q65MU7,1.3.3.5
P07788,1.3.3.5
A8FAG9,1.3.3.5
Q9UVY4,1.3.3.5
Q33DR0,1.3.3.6
P00363,1.3.5.4
O29786,1.3.7.11
D3JV03,1.3.8.12
Q88K54,1.3.8.7
Q88L87,1.3.8.7
Q88L96,1.3.8.7
Q88LN6,1.3.8.7
G3FHJ1,1.3.99.28
Q6J213,1.3.99.29
G3FHJ1,1.3.99.31
C3UVB0,1.3.99.32
C6KID9,1.3.99.4
Q9AIK2,1.4.1.1
Q08352,1.4.1.1
A0A171,1.4.1.13
B3FYT6,1.4.1.13
C4LUA1,1.4.1.13
C8KIP3,1.4.1.13
G1UII1,1.4.1.16
O59312,1.4.1.18
Q9AJC6,1.4.1.18
Q3S559,1.4.1.18
P29051,1.4.1.2
Q977U6,1.4.1.2
A5LH94,1.4.1.2
Q9HYA4,1.4.1.21
Q46VA0,1.4.1.21
A3MWK6,1.4.1.4
Q977X9,1.4.1.4
Q8ILF7,1.4.1.4
Q8ILT0,1.4.1.4
Q2WCS9,1.4.1.4
P13154,1.4.1.9
A0A0P1J5J7,1.4.1.9
D6A5I3,1.4.3.11
A0A1S6XWY4,1.4.3.11
A0A1B1PF34,1.4.3.11
P38032,1.4.3.16
D7UTZ8,1.4.3.19
Q8VPD4,1.4.3.2
A1R2C3,1.4.3.21
A1RDD3,1.4.3.21
A0A077JN67,1.4.3.3
A3KEZ1,1.4.5.1
A1IJT7,1.4.7.1
C0MP41,1.4.7.1
V5YW53,1.5.1.1
Q9I492,1.5.1.21
Q5FB93,1.5.1.21
Q4U331,1.5.1.21
Q54801,1.5.1.3
P00381,1.5.1.3
Q7BPB0,1.5.1.3
Q27783,1.5.1.3
A4H4P8,1.5.1.3
S5M3K7,1.5.1.3
D1MX70,1.5.1.3
D1MX72,1.5.1.3
D1MYR1,1.5.1.3
Q8GME2,1.5.1.37
Q81BW8,1.5.1.38
P43127,1.5.1.39
Q47RA9,1.5.1.40
P80951,1.5.1.40
C5B2R8,1.5.1.47
B1A7S3,1.5.3.22
A9CJL8,1.5.5.1
Q8U022,1.5.5.2
Q8U1G2,1.5.5.2
O59089,1.5.5.2
O59445,1.5.5.2
Q76M73,1.5.5.2
Q76M76,1.5.5.2
Q5JFG2,1.5.5.2
Q5JFG7,1.5.5.2
I2D0K8,1.5.5.2
Q4CVA1,1.5.5.2
D1JH91,1.5.98.1
Q8TXY4,1.5.98.2
A1RVM8,1.5.99.13
P27306,1.6.1.1
A8WEG5,1.6.2.2
A8PYK0,1.6.2.4
Q5JFZ8,1.6.3.1
Q5JGF8,1.6.3.1
Q5JHY2,1.6.3.1
Q5JJB9,1.6.3.1
O58049,1.6.3.3
O29794,1.6.3.3
O29985,1.6.3.3
Q8E5N5,1.6.3.4
A1B9E3,1.6.5.2
Q9RFV6,1.6.5.8
B1B5E3,1.7.1.1
B1B5E4,1.7.1.1
J7KT48,1.7.1.13
Q6WRS9,1.7.1.15
Q9X4K2,1.7.1.6
D0EFL2,1.7.1.6
Q838N5,1.7.1.6
Q8EBE0,1.7.1.6
D5HN83,1.7.1.6
A0A073KHN9,1.7.1.6
Q4QEB3,1.7.1.7
Q3LGA9,1.7.2.1
D0RAY2,1.7.2.1
A0P951,1.7.2.8
A9ZRZ6,1.7.2.8
P78609,1.7.3.3
P11349,1.7.5.1
P11350,1.7.5.1
P09152,1.7.5.1
M0HXK1,1.7.7.2
A0A0S4RIT0,1.7.99.1
A7GXH2,1.7.99.1
Q8MZR8,1.8.1.12
Q95PT6,1.8.1.12
Q5JGF8,1.8.1.18
A4V929,1.8.1.4
A5N930,1.8.1.4
A0A0H2ZHZ0,1.8.1.4
A0A0H2ZB32,1.8.1.4
A0A0H2Z9F5,1.8.1.4
Q8NTE1,1.8.1.4
Q9NL96,1.8.1.7
A7AW73,1.8.1.9
B7J3E3,1.8.2.2
P14930,1.8.4.11
Q9AL99,1.8.4.11
P14930,1.8.4.12
Q9HJW5,1.8.4.14
C6WXA3,1.9.6.1
P83448,1.97.1.1
P83449,1.97.1.1
P83450,1.97.1.1
P26236,2.1.1.11
U2ZU49,2.1.1.137
Q8U3C9,2.1.1.148
F6KV61,2.1.1.156
Q9KJ20,2.1.1.156
Q9KJ22,2.1.1.156
Q83WC4,2.1.1.156
F6KV62,2.1.1.157
Q9KJ21,2.1.1.157
Q83WC3,2.1.1.157
O86169,2.1.1.163
P53123,2.1.1.168
P0A6U5,2.1.1.170
P95128,2.1.1.171
P75782,2.1.1.181
P13956,2.1.1.184
P0ADR6,2.1.1.186
P36999,2.1.1.187
Q9AEP4,2.1.1.187
A4VMZ0,2.1.1.187
C1DSW3,2.1.1.187
Q48F48,2.1.1.187
Q9S1M6,2.1.1.188
P0AGL7,2.1.1.193
P49017,2.1.1.201
Q9UY84,2.1.1.213
O67010,2.1.1.215
P57706,2.1.1.216
P15565,2.1.1.216
P54471,2.1.1.217
Q4J894,2.1.1.218
Q5JD38,2.1.1.218
Q9V1J7,2.1.1.219
Q5JD38,2.1.1.221
Q06803,2.1.1.226
A0QYR0,2.1.1.226
A0QYR0,2.1.1.227
P0A873,2.1.1.228
P38793,2.1.1.228
P18644,2.1.1.230
P52391,2.1.1.230
O87833,2.1.1.239
D5FKJ3,2.1.1.243
Q50539,2.1.1.245
Q50538,2.1.1.245
O30640,2.1.1.247
Q9F1Y5,2.1.1.255
Q8U248,2.1.1.256
Q57880,2.1.1.256
Q72IH5,2.1.1.256
Q59034,2.1.1.257
P25397,2.1.1.265
I6WHP7,2.1.1.318
Q60FX1,2.1.1.341
Q9UZR7,2.1.1.35
B3PM23,2.1.1.37
Q8X8S5,2.1.1.37
P25087,2.1.1.41
F0NBH8,2.1.1.43
Q27783,2.1.1.45
A4H4P8,2.1.1.45
P32783,2.1.1.56
O27970,2.1.1.63
O67467,2.1.1.63
Q9WZJ3,2.1.1.74
Q5CB51,2.1.1.95
A5K8L9,2.1.2.1
L7Y8B0,2.1.2.1
R9YJZ9,2.1.2.1
Q86LS9,2.1.2.1
I7H6W6,2.1.2.1
P0A786,2.1.3.2
Q51742,2.1.3.3
O93656,2.1.3.3
P68747,2.1.3.3
Q837U7,2.1.3.6
A0A0I9QGZ2,2.2.1.1
Q58980,2.2.1.11
Q9WYD1,2.2.1.2
P0A870,2.2.1.2
Q0E4W0,2.2.1.2
Q8U2A4,2.2.1.6
Q9WZ19,2.2.1.6
Q5SJ01,2.2.1.6
P9WG39,2.2.1.6
P9WG41,2.2.1.6
P45261,2.2.1.6
G4WJC8,2.2.1.6
P37251,2.2.1.6
Q5QKF8,2.2.1.7
H5ZXI0,2.2.1.7
H5ZXI1,2.2.1.7
B6VP39,2.2.1.8
Q5FAK7,2.3.1.1
Q49610,2.3.1.101
D1J8Z9,2.3.1.101
P9WQN9,2.3.1.122
B0I1V1,2.3.1.122
P0A722,2.3.1.129
Q8EZA6,2.3.1.129
Q6QHI7,2.3.1.129
O33391,2.3.1.136
P43889,2.3.1.157
Q6C5M4,2.3.1.158
A9YZX5,2.3.1.178
A9YZY0,2.3.1.178
A0SPA8,2.3.1.180
P0A6R0,2.3.1.180
C0LNR0,2.3.1.180
Q74C76,2.3.1.182
Q9HUU7,2.3.1.183
Q6T1W7,2.3.1.197
Q9XCW3,2.3.1.209
Q12052,2.3.1.221
Q9XB60,2.3.1.226
G0YYC4,2.3.1.24
P0ACV0,2.3.1.241
P24205,2.3.1.243
Q939X3,2.3.1.246
P53629,2.3.1.26
Q6F4D7,2.3.1.30
P95231,2.3.1.30
P43886,2.3.1.30
Q03BU2,2.3.1.30
D2Z028,2.3.1.30
D2Z028,2.3.1.31
Q6RVB3,2.3.1.37
P9WQD9,2.3.1.41
Q586W9,2.3.1.41
S8GJB1,2.3.1.43
S8F3V2,2.3.1.48
A0A125YMC0,2.3.1.48
Q9UTM7,2.3.1.48
Q81PT0,2.3.1.5
Q81R98,2.3.1.5
Q5YYQ3,2.3.1.5
A2V7M5,2.3.1.5
Q93UV0,2.3.1.50
Q59618,2.3.1.51
Q59601,2.3.1.51
Q6C5L8,2.3.1.61
A0A0K2X0F2,2.3.1.81
A4YEH9,2.3.1.9
D9J009,2.3.2.13
Q6KZT2,2.3.2.2
Q65KZ6,2.3.2.2
Q4KIM5,2.3.2.2
Q87W57,2.3.2.28
D4GWR6,2.3.3.10
Q58595,2.3.3.13
B0SN40,2.3.3.13
Q84H44,2.3.3.15
D4GS06,2.3.3.16
G8XQY5,2.3.3.16
Q2Z1A8,2.3.3.5
Q97YI7,2.3.3.9
Q71JU8,2.3.3.9
P42450,2.3.3.9
Q8U0Q0,2.4.1.1
O66932,2.4.1.1
Q9FDQ9,2.4.1.1
Q2VA40,2.4.1.1
Q2VA41,2.4.1.1
Q8GGV4,2.4.1.10
Q70XJ9,2.4.1.10
P21130,2.4.1.10
O54435,2.4.1.10
Q93FU9,2.4.1.10
O68609,2.4.1.10
Q883P5,2.4.1.10
Q88BN6,2.4.1.10
I7A3T6,2.4.1.13
A0A059ZV61,2.4.1.13
D4H6M0,2.4.1.13
Q820M5,2.4.1.13
Q1GY13,2.4.1.14
G4RK44,2.4.1.15
Q7WUI7,2.4.1.15
Q9HIW6,2.4.1.15
A4K8Z1,2.4.1.15
A4K8Z2,2.4.1.15
B3VA58,2.4.1.153
P29465,2.4.1.16
A6ZKY2,2.4.1.16
P23316,2.4.1.16
Q06321,2.4.1.173
A5DNB9,2.4.1.173
Q6CUV2,2.4.1.173
Q6BN88,2.4.1.173
A7KAK6,2.4.1.173
Q9Y751,2.4.1.173
Q93HU3,2.4.1.18
Q5JDJ7,2.4.1.18
Q3BJY5,2.4.1.18
Q1IZQ3,2.4.1.18
Q8DT52,2.4.1.18
P9WN45,2.4.1.18
A0A059Q746,2.4.1.18
Q9RTB7,2.4.1.18
P16954,2.4.1.18
A9ZPD1,2.4.1.18
Q3HUR2,2.4.1.19
Q8X268,2.4.1.19
P26827,2.4.1.19
P31797,2.4.1.19
Q53I75,2.4.1.19
P30920,2.4.1.19
C4MH58,2.4.1.19
P04830,2.4.1.19
O52766,2.4.1.19
B1VC16,2.4.1.19
Q5A6L6,2.4.1.198
A0A0M5MSC0,2.4.1.2
Q59316,2.4.1.20
Q7WTR6,2.4.1.20
B7XEJ1,2.4.1.211
B7XEJ0,2.4.1.211
E8MF13,2.4.1.211
Q5GMP2,2.4.1.213
Q9CID5,2.4.1.216
Q2VPS1,2.4.1.217
Q84B24,2.4.1.217
Q6WSQ4,2.4.1.217
B7SY86,2.4.1.217
P39107,2.4.1.232
Q9UTR6,2.4.1.232
O64925,2.4.1.242
O58762,2.4.1.245
Q1ARU5,2.4.1.245
O66937,2.4.1.25
P95868,2.4.1.25
B7A9X4,2.4.1.25
A6YM39,2.4.1.25
Q9FDV9,2.4.1.25
Q56775,2.4.1.251
A9QXB4,2.4.1.266
A9BHI9,2.4.1.266
A0R2E6,2.4.1.266
Q7UXY8,2.4.1.266
Q12XX4,2.4.1.266
A9BEU2,2.4.1.268
Q9RFR0,2.4.1.269
A9BHJ0,2.4.1.270
Q7URP0,2.4.1.270
Q01330,2.4.1.276
A9KT32,2.4.1.279
Q9F8X1,2.4.1.280
A9KM56,2.4.1.282
P9WMY3,2.4.1.289
Q9RN49,2.4.1.289
P36667,2.4.1.289
Q03084,2.4.1.303
Q077R2,2.4.1.305
B5L3F2,2.4.1.305
A9NG65,2.4.1.31
P54166,2.4.1.315
Q8A8Y4,2.4.1.320
Q8A8X4,2.4.1.320
Q8P3J4,2.4.1.321
D9TT09,2.4.1.329
B3VA59,2.4.1.335
A0R043,2.4.1.346
Q9ZEU2,2.4.1.4
G4T024,2.4.1.4
B9UNL6,2.4.1.5
A0A0F6TP16,2.4.1.5
H1X7X9,2.4.1.5
P85089,2.4.1.5
P85080,2.4.1.5
B2MUU6,2.4.1.5
Q2I2N5,2.4.1.5
O52224,2.4.1.5
G8XR50,2.4.1.5
D2CFL0,2.4.1.5
Q9L3Z9,2.4.1.5
C7DT60,2.4.1.5
D5FS20,2.4.1.5
A9ZRX3,2.4.1.5
B1N0B6,2.4.1.5
Q0P9B5,2.4.1.62
Q93MQ1,2.4.1.62
Q9K2V8,2.4.1.62
Q59495,2.4.1.7
B0F411,2.4.1.7
Q14EH6,2.4.1.7
Q5FI04,2.4.1.8
D6XUS4,2.4.1.8
Q65JC2,2.4.1.81
Q74K42,2.4.1.9
D3WYV9,2.4.1.9
Q8GP32,2.4.1.9
Q7X481,2.4.1.9
O42801,2.4.1.99
Q8U2I1,2.4.2.1
Q9KCN8,2.4.2.1
P9WJJ7,2.4.2.19
P29935,2.4.2.21
Q8U4Q8,2.4.2.28
Q9JP48,2.4.2.37
Q9HZK1,2.4.2.44
Q57878,2.4.2.48
Q58822,2.4.2.54
Q8R7L0,2.4.2.8
Q9RP48,2.4.99.16
O29918,2.4.99.18
Q8U4G1,2.5.1.104
Q5JFG9,2.5.1.104
Q0CQ16,2.5.1.109
Q9L9F1,2.5.1.111
Q8ZXM4,2.5.1.126
A2BIX4,2.5.1.127
Q5JIZ3,2.5.1.128
Q8A711,2.5.1.132
P0AC13,2.5.1.15
Q9WZC2,2.5.1.16
P09158,2.5.1.16
Q970Z7,2.5.1.17
Q9HIA7,2.5.1.17
Q0ZS46,2.5.1.18
A4VLZ3,2.5.1.19
C3MC80,2.5.1.19
Q60AN4,2.5.1.21
Q257D4,2.5.1.21
A0A0K2F2K4,2.5.1.21
Q9SDW9,2.5.1.21
A2BJU2,2.5.1.23
Q8II79,2.5.1.29
Q12051,2.5.1.29
A3MSR0,2.5.1.3
Q8DRB3,2.5.1.31
Q6GHH5,2.5.1.31
Q5LI17,2.5.1.31
P60472,2.5.1.31
A0A087IPJ7,2.5.1.31
M1WA41,2.5.1.34
B1A4C4,2.5.1.34
B1ZU21,2.5.1.44
Q89CN5,2.5.1.44
F1AQF9,2.5.1.46
Q38BX0,2.5.1.46
Q4GZD1,2.5.1.46
Q4UDC3,2.5.1.46
A3FQA5,2.5.1.46
B5APK2,2.5.1.46
Q84IF9,2.5.1.47
P45040,2.5.1.47
O15635,2.5.1.47
A4HPM6,2.5.1.47
A8YBS4,2.5.1.47
A8YBP8,2.5.1.47
Q1M0P5,2.5.1.48
Q93I77,2.5.1.49
Q76K51,2.5.1.49
Q9YEJ7,2.5.1.54
P0AB91,2.5.1.54
Q5R082,2.5.1.56
A0A090IMH4,2.5.1.56
Q8TZW1,2.5.1.6
Q9K5E4,2.5.1.6
P54419,2.5.1.6
Q3HW35,2.5.1.6
A8CBH8,2.5.1.61
W8JNL4,2.5.1.63
Q79FV4,2.5.1.65
P11458,2.5.1.72
Q9UUB1,2.5.1.78
Q8PYS1,2.5.1.81
Q5AJZ3,2.5.1.87
Q9YC66,2.5.1.89
Q9HH76,2.5.1.89
Q9Y7P0,2.5.1.9
Q5I7E1,2.5.1.91
O96142,2.6.1.1
Q939C9,2.6.1.1
Q8G8Y2,2.6.1.100
Q2MF17,2.6.1.100
Q53U20,2.6.1.101
Q58097,2.6.1.108
Q8EEB1,2.6.1.109
Q6LFH8,2.6.1.13
Q8G545,2.6.1.16
Q6DLZ8,2.6.1.16
S4UF58,2.6.1.27
Q9ZGH0,2.6.1.33
Q0P9D3,2.6.1.34
Q5XPV2,2.6.1.36
F2L0W0,2.6.1.42
Q0E9S8,2.6.1.42
Q7BPX6,2.6.1.42
H8WR05,2.6.1.5
P27833,2.6.1.59
O52250,2.6.1.76
A0A0S2VC96,2.6.1.77
Q9APM5,2.6.1.77
Q6JE91,2.6.1.77
P42588,2.6.1.82
Q7DC81,2.6.1.85
A0A060IGN1,2.6.1.85
G3XCK6,2.6.1.86
P77690,2.6.1.87
Q9X0D0,2.6.1.9
Q7ZAH1,2.7.1.1
Q5SLJ4,2.7.1.1
A0A172WCE4,2.7.1.1
Q969A8,2.7.1.1
A0SZU9,2.7.1.1
P33284,2.7.1.1
Q96VP5,2.7.1.1
Q52MQ5,2.7.1.105
Q6PY95,2.7.1.105
P09979,2.7.1.119
Q8NMT0,2.7.1.12
O59355,2.7.1.146
Q58999,2.7.1.146
Q8R8N4,2.7.1.147
O67060,2.7.1.148
E8MF12,2.7.1.162
Q58933,2.7.1.164
O58231,2.7.1.165
Q96YZ3,2.7.1.165
Q7LXP1,2.7.1.165
Q9HKZ0,2.7.1.165
Q4QNS8,2.7.1.166
Q12382,2.7.1.174
O07177,2.7.1.175
A1TH50,2.7.1.175
O54204,2.7.1.175
Q54944,2.7.1.176
Q9HK44,2.7.1.186
Q8RDE9,2.7.1.2
P54495,2.7.1.2
P0A4E1,2.7.1.2
A5U4N0,2.7.1.20
Q5JDG9,2.7.1.212
Q5JEK6,2.7.1.213
Q6L2I5,2.7.1.33
P0A6I3,2.7.1.33
Q4Q6K7,2.7.1.36
C4M2I2,2.7.1.4
O05510,2.7.1.4
G4T023,2.7.1.4
A1RX09,2.7.1.40
Q6GG09,2.7.1.40
P0AD62,2.7.1.40
Q5CSM7,2.7.1.40
P51182,2.7.1.40
Q96XN9,2.7.1.45
Q08224,2.7.1.49
Q76LT2,2.7.1.63
Q9ADE8,2.7.1.63
P0AEW6,2.7.1.73
Q57936,2.7.1.78
Q8IIB7,2.7.1.82
Q9FAF8,2.7.1.90
B8IF02,2.7.1.90
B0RP51,2.7.1.90
P58764,2.7.10.2
O66844,2.7.11.1
P9WI83,2.7.11.1
P9WI71,2.7.11.1
M1R344,2.7.11.1
Q8NU98,2.7.11.1
Q8NU97,2.7.11.1
O83032,2.7.11.1
C3W7W0,2.7.11.11
F2XG10,2.7.11.11
Q1H8W8,2.7.11.13
Q8WSQ3,2.7.11.17
P23293,2.7.11.23
P42527,2.7.11.7
P90648,2.7.11.7
Q9GRT1,2.7.12.2
Q8DT64,2.7.13.3
G3XD98,2.7.13.3
Q9HX42,2.7.13.3
P16497,2.7.13.3
Q9S434,2.7.13.3
Q9WYB1,2.7.2.1
P0CW04,2.7.2.1
Q9F1X7,2.7.2.1
A2RNG5,2.7.2.1
A2RNG4,2.7.2.1
G4T0C7,2.7.2.1
A0A0H3BY05,2.7.2.2
P20971,2.7.2.3
Q01655,2.7.2.3
Q95PK9,2.7.2.3
Q95PK8,2.7.2.3
P46273,2.7.2.3
A8JC04,2.7.2.3
Q6R6P5,2.7.2.8
Q01217,2.7.2.8
A0A0H2X8L7,2.7.2.8
Q0ASS9,2.7.2.8
Q38EV2,2.7.3.3
Q38EU9,2.7.3.3
Q38EV1,2.7.3.3
A0A0F6WMX1,2.7.3.3
U3T1K4,2.7.3.3
U3T2Y2,2.7.3.3
G5ADV1,2.7.3.4
Q72JY1,2.7.4.1
Q8DMA8,2.7.4.1
Q5NEQ5,2.7.4.1
B4EY92,2.7.4.1
B1HP60,2.7.4.1
Q5LSN8,2.7.4.1
Q5LX16,2.7.4.1
Q5LU04,2.7.4.1
Q8KT80,2.7.4.1
Q54BM7,2.7.4.1
A3MTW6,2.7.4.16
C4M387,2.7.4.21
Q60352,2.7.4.26
O26153,2.7.4.26
Q9HLX1,2.7.4.26
P43408,2.7.4.3
Q8GGL2,2.7.4.3
Q04ML5,2.7.4.3
Q4E256,2.7.4.6
Q9UUY8,2.7.4.6
Q08224,2.7.4.7
A3MV85,2.7.6.1
Q58761,2.7.6.1
Q97Z86,2.7.6.1
Q5NGA7,2.7.6.3
P26281,2.7.6.3
P53848,2.7.6.3
Q5NEV0,2.7.6.5
O26253,2.7.7.1
A8BIC5,2.7.7.1
P25576,2.7.7.1
Q4DPR9,2.7.7.1
O58649,2.7.7.13
P07874,2.7.7.13
Q8IDM2,2.7.7.14
Q8IE38,2.7.7.18
P9WJJ5,2.7.7.18
P9WMN3,2.7.7.23
P39669,2.7.7.27
Q8DNE6,2.7.7.3
Q8DVH2,2.7.7.3
P44805,2.7.7.3
P0A6I6,2.7.7.3
Q9I6D1,2.7.7.3
B9WCR8,2.7.7.3
O54003,2.7.7.31
Q57430,2.7.7.33
O58649,2.7.7.34
O58649,2.7.7.37
O66914,2.7.7.38
Q836D9,2.7.7.39
O66036,2.7.7.4
B8CBW8,2.7.7.4
Q9P381,2.7.7.41
B6JVL2,2.7.7.41
A7Y9V0,2.7.7.42
Q9AFG9,2.7.7.43
Q5UQX1,2.7.7.50
Q381M1,2.7.7.52
Q8RQD1,2.7.7.59
P0A0Y1,2.7.7.6
Q8PC56,2.7.7.6
Q8PC55,2.7.7.6
Q58517,2.7.7.62
D3YBH2,2.7.7.64
Q4QE75,2.7.7.64
Q9KPJ7,2.7.7.65
Q6ARU5,2.7.7.65
P81409,2.7.7.7
Q29Y55,2.7.7.7
A8A8J4,2.7.7.7
E9KLD9,2.7.7.7
A0SXL5,2.7.7.7
P74918,2.7.7.7
Q07635,2.7.7.7
K4Q1U9,2.7.7.7
P95690,2.7.7.7
P77933,2.7.7.7
Q7LYT8,2.7.7.7
P13382,2.7.7.7
P06961,2.7.7.72
Q8U1Z6,2.7.7.74
O67379,2.7.7.74
Q1AWQ0,2.7.7.74
Q9ZAE1,2.7.7.8
P12282,2.7.7.80
Q8GQP8,2.7.7.9
C7GP37,2.7.7.9
A0A0S3WYP3,2.7.7.9
P06197,2.7.8.11
C4TGF1,2.7.8.2
Q58653,2.7.8.28
D0U690,2.7.8.32
Q9X1N5,2.7.8.33
Q8U1Z6,2.7.8.34
O67379,2.7.8.34
P9WMW5,2.7.8.35
O27106,2.7.8.38
Q7LXU6,2.7.8.39
O27726,2.7.8.39
P75785,2.7.8.43
P0A2W7,2.7.8.7
Q5APF3,2.7.8.7
Q4QCW3,2.7.8.7
P23830,2.7.8.8
Q9GN79,2.7.9.1
Q4Q0M0,2.7.9.3
Q6LXJ6,2.8.1.4
I3RJK8,2.8.1.5
D4GYV5,2.8.1.7
B3EY95,2.8.3.18
G7VG08,3.1.1.1
Q8NKS0,3.1.1.1
F0QXN6,3.1.1.1
O28511,3.1.1.1
Q976W8,3.1.1.1
Q96Z02,3.1.1.1
M5DDN2,3.1.1.1
Q97VU2,3.1.1.1
G3JWZ2,3.1.1.1
B5THG6,3.1.1.1
Q840T2,3.1.1.1
Q8KT44,3.1.1.1
Q8KWI9,3.1.1.1
D0EPY0,3.1.1.1
Q3HWU8,3.1.1.1
Q75NT4,3.1.1.13
Q2TFW1,3.1.1.13
F0QXN6,3.1.1.2
B5BLW5,3.1.1.2
Q9LAH7,3.1.1.2
F9UMI7,3.1.1.2
Q7WZT5,3.1.1.2
Q5FSJ2,3.1.1.2
B3Y018,3.1.1.20
C7F6Y1,3.1.1.20
B7VFD0,3.1.1.20
V5YT97,3.1.1.22
Q0K9H3,3.1.1.22
Q8TZJ1,3.1.1.3
Q8U3I6,3.1.1.3
O28511,3.1.1.3
Q3T5M2,3.1.1.3
Q9L6D3,3.1.1.3
Q47RJ6,3.1.1.3
Q47RJ7,3.1.1.3
A0A0F7KL65,3.1.1.3
P77909,3.1.1.3
Q2TPV1,3.1.1.3
Q9F0Q9,3.1.1.3
Q84EK3,3.1.1.3
P19515,3.1.1.3
A8QYB2,3.1.1.3
Q9KJG6,3.1.1.3
Q4JL88,3.1.1.3
A0EJ12,3.1.1.3
A9QXC9,3.1.1.3
Q0MVP2,3.1.1.3
Q9S2A5,3.1.1.3
Q93J06,3.1.1.3
Q670W0,3.1.1.3
P61872,3.1.1.3
Q2QFX1,3.1.1.3
Q0MVP3,3.1.1.3
Q8NIN8,3.1.1.3
A7UM95,3.1.1.3
Q872L3,3.1.1.3
Q872L4,3.1.1.3
Q9P8F7,3.1.1.3
Q3HRV6,3.1.1.3
I0CKV2,3.1.1.3
I0CKV3,3.1.1.3
Q3IF07,3.1.1.3
Q7LST4,3.1.1.3
Q5GMI6,3.1.1.3
Q6KBS7,3.1.1.32
K0J3J2,3.1.1.32
H2EIY3,3.1.1.32
Q8RR52,3.1.1.4
Q6UV28,3.1.1.4
Q9WXT2,3.1.1.41
M1JUH6,3.1.1.41
A7YN26,3.1.1.42
B9WPN8,3.1.1.45
Q8TZI9,3.1.1.5
Q5JIE9,3.1.1.5
Q7Z8L3,3.1.1.5
Q8RBF4,3.1.1.72
E0RVY7,3.1.1.72
B8YIE0,3.1.1.72
Q09IZ4,3.1.1.72
H2ESB9,3.1.1.72
Q75P26,3.1.1.72
F2X2F9,3.1.1.72
F2X2G0,3.1.1.72
G2QND5,3.1.1.73
A0A1B1LML0,3.1.1.73
Q0CBM7,3.1.1.73
A0A068FNL1,3.1.1.73
Q8WZI8,3.1.1.73
Q9HGR3,3.1.1.73
Q9P979,3.1.1.73
V6BP73,3.1.1.73
Q3V6C9,3.1.1.73
E9LVH8,3.1.1.74
E9LVH9,3.1.1.74
P41744,3.1.1.74
A7EQQ8,3.1.1.74
S4VCH4,3.1.1.74
P12625,3.1.1.75
A0A8W8,3.1.1.75
C7A621,3.1.1.75
Q9KIF2,3.1.1.75
Q6UFW4,3.1.1.76
Q84C08,3.1.1.76
Q5Y152,3.1.1.76
Q6PLI2,3.1.1.76
Q97VU2,3.1.1.79
C6L862,3.1.1.81
P0CJ63,3.1.1.81
Q7B8C3,3.1.1.81
Q7B8C5,3.1.1.81
A3FJ64,3.1.1.81
Q7B8C1,3.1.1.81
Q7B8C0,3.1.1.81
Q7B8C2,3.1.1.81
Q7B8C4,3.1.1.81
Q8KI79,3.1.1.81
Q8KTW4,3.1.1.81
Q8KTW5,3.1.1.81
Q8KTW7,3.1.1.81
Q8KTW8,3.1.1.81
Q8KTW9,3.1.1.81
Q8KTX0,3.1.1.81
Q8KTX1,3.1.1.81
Q8RJA0,3.1.1.81
Q8RPW5,3.1.1.81
Q8RPW6,3.1.1.81
D2D3B6,3.1.1.87
C0LA90,3.1.1.88
Q9V2R8,3.1.1.96
Q97WI2,3.1.1.96
Q53VZ1,3.1.11.1
Q38DE2,3.1.13.5
P0AGG2,3.1.2.2
P41903,3.1.2.2
Q93CG9,3.1.2.2
P44886,3.1.2.20
P0A8Z0,3.1.2.20
P0AGG2,3.1.2.20
Q84HI6,3.1.2.23
D3JV05,3.1.2.30
Q81DR3,3.1.2.4
Q6KF36,3.1.2.6
Q581U6,3.1.2.6
G8ZFZ3,3.1.21.4
E7FHX4,3.1.22.4
Q7LXU0,3.1.22.4
Q97YX6,3.1.22.4
Q49422,3.1.22.4
P44443,3.1.26.12
Q9YET5,3.1.26.4
O29634,3.1.26.4
Q9X122,3.1.26.4
Q6L6Q4,3.1.26.4
P10442,3.1.26.4
P0A7Y4,3.1.26.4
Q00XA5,3.1.26.5
B1Q4S7,3.1.27.3
B1Q4V2,3.1.27.3
Q9UZV2,3.1.3.1
Q153J0,3.1.3.1
A8WEG4,3.1.3.1
C1K6P2,3.1.3.1
B0R9W3,3.1.3.1
Q1W622,3.1.3.1
D3GGN3,3.1.3.10
Q1W5Y8,3.1.3.10
Q88M11,3.1.3.105
Q8TZH9,3.1.3.11
F9VMT6,3.1.3.11
Q8NKR9,3.1.3.11
P21437,3.1.3.11
P0A9C9,3.1.3.11
G4RK44,3.1.3.12
Q7WUI6,3.1.3.12
O08367,3.1.3.16
Q4JAD1,3.1.3.16
Q4JB88,3.1.3.16
A9XDF5,3.1.3.2
A9XED1,3.1.3.2
A9XED2,3.1.3.2
A9XED3,3.1.3.2
A9XED4,3.1.3.2
P26093,3.1.3.2
P0AE22,3.1.3.2
P24031,3.1.3.2
B3EWC6,3.1.3.2
Q6FBP5,3.1.3.22
P07102,3.1.3.26
Q6RK08,3.1.3.26
Q003Y3,3.1.3.26
Q7CIZ7,3.1.3.26
H9TUK5,3.1.3.26
H9TUK6,3.1.3.26
Q000T0,3.1.3.26
B1GSN6,3.1.3.26
B4X9S4,3.1.3.26
B3VPB3,3.1.3.26
O93838,3.1.3.26
Q96VT0,3.1.3.26
Q96VF5,3.1.3.26
B3VPB2,3.1.3.26
Q96VH9,3.1.3.26
C4B6T1,3.1.3.26
B6YX36,3.1.3.3
P42941,3.1.3.3
A5HKK6,3.1.3.4
Q8L1N9,3.1.3.41
Q72JF6,3.1.3.48
Q6MNP0,3.1.3.48
P40025,3.1.3.5
Q2VPS0,3.1.3.70
Q9HTR2,3.1.3.75
Q6RK08,3.1.3.8
H9TUK5,3.1.3.8
Q8KTX7,3.1.3.8
A4UU76,3.1.3.8
D9D7K9,3.1.3.8
H9TUK6,3.1.3.8
Q6U677,3.1.3.8
O31097,3.1.3.8
P42094,3.1.3.8
Q84B22,3.1.3.8
H9C9P0,3.1.3.8
Q70E78,3.1.3.8
Q93GB6,3.1.3.8
Q9F657,3.1.3.8
F1DH12,3.1.3.8
O00085,3.1.3.8
P34752,3.1.3.8
B3VPB3,3.1.3.8
O93838,3.1.3.8
Q6T9Z6,3.1.3.8
D3HIF3,3.1.3.8
A7U7M0,3.1.3.8
B3VPB2,3.1.3.8
Q6YNE9,3.1.3.8
P9WIC6,3.1.3.85
O31667,3.1.3.87
P13717,3.1.30.2
Q7A6P2,3.1.31.1
Q3ZTU7,3.1.4.11
Q9TZN8,3.1.4.11
A6P7M9,3.1.4.12
P53052,3.1.4.16
Q5ZZJ8,3.1.4.3
U6C6H1,3.1.4.38
Q53728,3.1.4.4
Q8RB32,3.1.4.46
Q9HV27,3.1.4.52
Q9HWS0,3.1.4.52
Q9HX69,3.1.4.52
Q8EJM6,3.1.4.52
D4P095,3.1.4.53
Q58247,3.1.4.56
B5BLW5,3.1.8.1
P37669,3.1.8.1
Q5W503,3.1.8.1
K4L7X3,3.13.1.4
Q2QC88,3.2.1.1
B5ARZ9,3.2.1.1
P96107,3.2.1.1
P06279,3.2.1.1
Q47R94,3.2.1.1
L8B068,3.2.1.1
P06278,3.2.1.1
B8Y1H0,3.2.1.1
A8VWC5,3.2.1.1
P20845,3.2.1.1
D4P4Y7,3.2.1.1
P29957,3.2.1.1
C0JP83,3.2.1.10
C0JP82,3.2.1.10
Q9AF93,3.2.1.10
P0CW40,3.2.1.10
P53051,3.2.1.10
Q08295,3.2.1.10
P40884,3.2.1.10
Q9Z4P9,3.2.1.101
Q6RUF5,3.2.1.102
A8F6K5,3.2.1.11
C0HJE3,3.2.1.11
Q8J0Q0,3.2.1.113
Q99YP5,3.2.1.114
Q97LM4,3.2.1.122
Q97DP6,3.2.1.122
F7YUS1,3.2.1.131
A0A0A0V7L5,3.2.1.131
A3LY17,3.2.1.131
A9P7F5,3.2.1.132
A9P7F6,3.2.1.132
A9P7F7,3.2.1.132
A9P7F8,3.2.1.132
A9P7G0,3.2.1.132
A9P7G1,3.2.1.132
A9P7G2,3.2.1.132
A9P7G3,3.2.1.132
A3DM60,3.2.1.133
I3ZTN9,3.2.1.133
G8N704,3.2.1.133
C0LZ63,3.2.1.133
P19531,3.2.1.133
X5CPN2,3.2.1.133
Q9AIV2,3.2.1.135
A1XM14,3.2.1.136
Q8X211,3.2.1.139
A0A168KIJ9,3.2.1.139
A7M022,3.2.1.139
A3LY17,3.2.1.139
Q973G3,3.2.1.14
B3GGC7,3.2.1.14
A6YJX1,3.2.1.14
Q76EB5,3.2.1.14
Q75ZW9,3.2.1.14
B7UB89,3.2.1.14
Q1EM71,3.2.1.14
A5A699,3.2.1.14
Q9CE95,3.2.1.14
Q25BN2,3.2.1.14
Q5YLC0,3.2.1.14
A5YRG4,3.2.1.14
E5FGC5,3.2.1.14
D3YGV3,3.2.1.14
F8WSQ0,3.2.1.14
F8WSQ1,3.2.1.14
F8WSQ2,3.2.1.14
F8WSQ3,3.2.1.14
F8WSQ4,3.2.1.14
B3XZQ2,3.2.1.14
Q25BT4,3.2.1.14
Q12713,3.2.1.14
P48827,3.2.1.14
Q06HA3,3.2.1.14
B1VBB0,3.2.1.14
A0A024QYS6,3.2.1.140
B3TLD6,3.2.1.140
P95867,3.2.1.141
I3WU34,3.2.1.142
A0A061M1M5,3.2.1.145
B6F260,3.2.1.145
A8YPP2,3.2.1.15
A8YPP3,3.2.1.15
P47180,3.2.1.15
F5B9B9,3.2.1.15
Q6TA03,3.2.1.15
O59925,3.2.1.15
H8F9Y0,3.2.1.151
Q82K30,3.2.1.151
Q82M04,3.2.1.151
A1XP58,3.2.1.151
A1A048,3.2.1.156
E3W9G3,3.2.1.157
A1IGV8,3.2.1.158
Q7S2S4,3.2.1.164
Q76HN4,3.2.1.165
Q56F26,3.2.1.165
D2DMF3,3.2.1.167
Q8KKF9,3.2.1.17
B6E8Y7,3.2.1.171
O31521,3.2.1.172
A0A088T0J9,3.2.1.176
Q55FE6,3.2.1.176
F0ZJZ1,3.2.1.176
B3PBD9,3.2.1.177
D7GXF9,3.2.1.178
D7GXG0,3.2.1.178
Q9EZV6,3.2.1.18
Q9EZV7,3.2.1.18
Q8AAK9,3.2.1.18
Q9A0T3,3.2.1.180
Q8DR77,3.2.1.180
C6XY24,3.2.1.180
C6Y0D8,3.2.1.180
C6Y1N7,3.2.1.180
F7J1C8,3.2.1.181
E8MGH8,3.2.1.185
F7YTI3,3.2.1.195
I3ZTN9,3.2.1.2
P06547,3.2.1.2
Q9RM92,3.2.1.2
P36924,3.2.1.2
O33830,3.2.1.20
F9VPH0,3.2.1.20
P0CD66,3.2.1.20
Q745T6,3.2.1.20
Q4J9M3,3.2.1.20
Q8RDL1,3.2.1.20
Q6L2X4,3.2.1.20
Q2PCE3,3.2.1.20
Q9AI65,3.2.1.20
P56526,3.2.1.20
A2QJF7,3.2.1.20
Q9C0Y4,3.2.1.20
E1CJT1,3.2.1.20
Q9UWR7,3.2.1.200
Q9UWR7,3.2.1.201
E7FHY4,3.2.1.21
A1S0B1,3.2.1.21
A5IL97,3.2.1.21
Q0GA07,3.2.1.21
A4XIG7,3.2.1.21
Q9HIL6,3.2.1.21
Q4U4W7,3.2.1.21
A0A191KCR1,3.2.1.21
A0A191KCR0,3.2.1.21
Q8TGI8,3.2.1.21
A0A0B4RUW2,3.2.1.21
I6TNE2,3.2.1.21
Q9C3Z9,3.2.1.21
G1C1T5,3.2.1.21
A1C3J9,3.2.1.21
Q6QGY5,3.2.1.21
Q9P8F4,3.2.1.21
Q25BW5,3.2.1.21
Q25BW4,3.2.1.21
A5A4M8,3.2.1.21
Q9AT27,3.2.1.21
Q97U94,3.2.1.22
G2RGW4,3.2.1.22
Q6IYF5,3.2.1.22
Q2XQ11,3.2.1.22
H8Y263,3.2.1.22
O52629,3.2.1.23
E7FHC0,3.2.1.23
Q0R5R5,3.2.1.23
Q1G9Z4,3.2.1.23
A0SWS4,3.2.1.23
A0SWS3,3.2.1.23
Q19R71,3.2.1.23
Q19R72,3.2.1.23
O52847,3.2.1.23
A3FFK4,3.2.1.23
P29853,3.2.1.23
Q6QTF4,3.2.1.23
P00723,3.2.1.23
P81650,3.2.1.23
Q6L2X5,3.2.1.24
Q99YP5,3.2.1.24
O33833,3.2.1.26
Q564C7,3.2.1.26
Q0ZR36,3.2.1.26
B8YJM2,3.2.1.26
A1XBT9,3.2.1.28
O42783,3.2.1.28
A9XE63,3.2.1.28
A1YQE2,3.2.1.28
B6ZIV1,3.2.1.28
Q6KYX5,3.2.1.3
Q0H9W2,3.2.1.3
Q9C1V4,3.2.1.3
Q9A613,3.2.1.3
P08017,3.2.1.3
Q8TFE5,3.2.1.3
E2GDF4,3.2.1.3
Q97UI1,3.2.1.31
Q6W7J7,3.2.1.31
Q9AHJ8,3.2.1.31
Q7SFB0,3.2.1.31
A7XS03,3.2.1.31
B9K760,3.2.1.32
Q97UI4,3.2.1.37
A2ICH1,3.2.1.37
E7DXB6,3.2.1.37
A0A0A0R2Z1,3.2.1.37
O00089,3.2.1.37
A0A023J5W7,3.2.1.37
W8QRE4,3.2.1.37
K7T9D9,3.2.1.37
D4AHT5,3.2.1.37
Q2URT3,3.2.1.37
Q4AEG8,3.2.1.37
A5IL44,3.2.1.39
G0L5X4,3.2.1.39
G9M5R4,3.2.1.39
G4FFR3,3.2.1.4
Q97YG7,3.2.1.4
A7HLZ2,3.2.1.4
P10474,3.2.1.4
A0A0F7TAS1,3.2.1.4
Q8J0K6,3.2.1.4
Q8J0K7,3.2.1.4
A0A0F7Q1T8,3.2.1.4
X4YXV3,3.2.1.4
Q9LCC5,3.2.1.4
Q9AQF4,3.2.1.4
O65987,3.2.1.4
Q9LAJ2,3.2.1.4
Q9RGE6,3.2.1.4
Q3ZMA8,3.2.1.4
A8D0T0,3.2.1.4
B7UAM4,3.2.1.4
Q9PF60,3.2.1.4
Q83XK5,3.2.1.4
O74705,3.2.1.4
A7UGD9,3.2.1.4
A0A0N7E7X2,3.2.1.4
Q75UV6,3.2.1.4
B5BNY1,3.2.1.4
P21834,3.2.1.4
P21833,3.2.1.4
A7E948,3.2.1.4
C4PG45,3.2.1.40
C4PG47,3.2.1.40
O30772,3.2.1.41
Q9HHB0,3.2.1.41
C5IGQ7,3.2.1.41
Q6QHE9,3.2.1.41
I3WU34,3.2.1.41
Q6UVM5,3.2.1.48
Q8XM24,3.2.1.50
Q9WZR6,3.2.1.52
Q9CFI2,3.2.1.52
P96155,3.2.1.52
Q8TZP8,3.2.1.54
I3ZTQ5,3.2.1.54
Q5JJ59,3.2.1.54
Q5BLZ6,3.2.1.54
A5IKD0,3.2.1.55
Q9WYB7,3.2.1.55
F7YTI3,3.2.1.55
Q9XBQ3,3.2.1.55
Q841V6,3.2.1.55
E7CY70,3.2.1.55
E7DXB6,3.2.1.55
A0A0A0R2Z1,3.2.1.55
P94531,3.2.1.55
P94552,3.2.1.55
Q45071,3.2.1.55
Q2MJP5,3.2.1.55
Q82P90,3.2.1.55
D6QST5,3.2.1.55
Q6RKQ1,3.2.1.55
Q2UIM2,3.2.1.55
E2GHW5,3.2.1.55
B5MGR0,3.2.1.55
B5MGR1,3.2.1.55
L0N6Q8,3.2.1.55
B5MGR2,3.2.1.55
O00105,3.2.1.57
H6UWP3,3.2.1.58
A9YZW0,3.2.1.58
B2W4L0,3.2.1.58
G5DE31,3.2.1.58
A7L6C9,3.2.1.59
A0A0P0UPC6,3.2.1.6
Q8GMY0,3.2.1.6
Q84GK1,3.2.1.6
A8CGP1,3.2.1.6
Q65GW7,3.2.1.65
W8GV60,3.2.1.65
Q5W9U0,3.2.1.67
D1MI97,3.2.1.67
P28999,3.2.1.7
Q99040,3.2.1.70
Q2HWU5,3.2.1.70
Q5FMB7,3.2.1.70
S6DXG7,3.2.1.73
H9BZ70,3.2.1.73
K0A689,3.2.1.73
P04957,3.2.1.73
A8CGP1,3.2.1.73
G0YW23,3.2.1.73
Q21KE5,3.2.1.73
K7XFI7,3.2.1.73
B0FWI3,3.2.1.74
F8WPI4,3.2.1.75
A5IMX7,3.2.1.78
P49425,3.2.1.78
D0UHB3,3.2.1.78
Q0IJR6,3.2.1.78
Q49HI4,3.2.1.78
O05512,3.2.1.78
B5LX62,3.2.1.78
D0UH99,3.2.1.78
Q8P9S0,3.2.1.78
A2R6F5,3.2.1.78
B6V876,3.2.1.78
Q0PQY8,3.2.1.78
Q2LE69,3.2.1.78
Q00012,3.2.1.78
F7YXD6,3.2.1.8
Q56265,3.2.1.8
I6Z9A7,3.2.1.8
I6Z823,3.2.1.8
I7A603,3.2.1.8
C6ZHB0,3.2.1.8
Q6UN40,3.2.1.8
Q8J1V6,3.2.1.8
O43097,3.2.1.8
A0A0U5B5Z4,3.2.1.8
Q2I6W5,3.2.1.8
M4QNR9,3.2.1.8
E3WF08,3.2.1.8
B1A3N2,3.2.1.8
A0A0A0R2Z1,3.2.1.8
A0A067XRW0,3.2.1.8
A1XM14,3.2.1.8
Q45VU2,3.2.1.8
Q5EFR9,3.2.1.8
T2M1V1,3.2.1.8
Q8CJQ1,3.2.1.8
D1KJJ7,3.2.1.8
A7TVD4,3.2.1.8
Q9X584,3.2.1.8
P35809,3.2.1.8
F5CI28,3.2.1.8
Q3S401,3.2.1.8
Q8RJN8,3.2.1.8
Q2PGY1,3.2.1.8
B1B533,3.2.1.8
C3VEV9,3.2.1.8
Q6F4N4,3.2.1.81
G0ZDR5,3.2.1.81
E7FKF4,3.2.1.83
P43478,3.2.1.83
W8QF82,3.2.1.85
Q1JK37,3.2.1.86
P17411,3.2.1.86
Q9X0S8,3.2.1.89
Q65CX5,3.2.1.89
B5MGR3,3.2.1.89
P10474,3.2.1.91
A4XIF7,3.2.1.91
A3F8V2,3.2.1.91
A7WNU1,3.2.1.91
A7WNU2,3.2.1.91
G2QXZ9,3.2.1.91
Q8KKF7,3.2.1.91
A7WNT9,3.2.1.91
A7WNU0,3.2.1.91
W8P6D0,3.2.1.91
P13860,3.2.1.91
Q7LIJ0,3.2.1.91
Q5S1P9,3.2.1.91
I1SB08,3.2.1.91
Q7X0Z0,3.2.1.96
R4WHQ8,3.2.1.96
Q8DR60,3.2.1.97
Q8XMJ5,3.2.1.97
Q3T552,3.2.1.97
G5ELM1,3.2.1.97
Q833X5,3.2.1.97
A5IKD4,3.2.1.99
A4XJR7,3.2.1.99
B3EYM8,3.2.1.99
A0A0C4JZB0,3.2.1.99
Q65L63,3.2.1.99
Q65GB9,3.2.1.99
V5LER1,3.2.1.99
I6XPK9,3.2.1.99
Q5H7M8,3.2.1.99
A7UHH1,3.2.2.1
A7UHH1,3.2.2.2
Q88AH6,3.2.2.23
Q8ZYS2,3.2.2.27
Q8ZXE0,3.2.2.27
Q8U144,3.2.2.27
Q5SJG5,3.2.2.27
Q9HKW6,3.2.2.27
Q9Z7D3,3.2.2.27
Q9RWH9,3.2.2.27
Q59T47,3.2.2.27
Q04179,3.2.2.3
Q0PC20,3.2.2.30
Q56685,3.2.2.5
Q9F0R5,3.2.2.5
P33022,3.2.2.8
P50251,3.3.1.1
Q8FRJ4,3.3.1.1
A0A077AY47,3.3.2.1
B8D484,3.4.11.1
Q4A9M4,3.4.11.1
Q4DZJ3,3.4.11.1
Q95V76,3.4.11.1
Q7KF27,3.4.11.1
P24828,3.4.11.10
Q8RLK7,3.4.11.10
P25152,3.4.11.10
Q01693,3.4.11.10
Q8TZW4,3.4.11.15
P9WK19,3.4.11.18
P9WK21,3.4.11.18
G7H7Y1,3.4.11.19
Q8YG38,3.4.11.2
Q2UPZ7,3.4.11.21
Q2U9Z9,3.4.11.21
Q8J2N2,3.4.11.22
Q75V72,3.4.11.24
Q5WA30,3.4.11.24
Q8X1C7,3.4.11.5
M4MBM1,3.4.11.5
C6L823,3.4.11.5
P25152,3.4.11.6
Q2QC92,3.4.11.9
Q06241,3.4.13.22
P81535,3.4.13.9
O58885,3.4.13.9
O58691,3.4.13.9
O59565,3.4.13.9
A8WBX8,3.4.13.9
O35010,3.4.14.13
O66223,3.4.14.5
P24228,3.4.16.4
Q9HTZ1,3.4.17.13
P42663,3.4.17.19
Q973W9,3.4.19.1
Q7LX61,3.4.19.1
Q97VD6,3.4.19.1
L7Z147,3.4.19.13
O07883,3.4.19.3
O35002,3.4.21.102
P09391,3.4.21.105
D6BU29,3.4.21.107
P08594,3.4.21.111
P26937,3.4.21.116
Q2QC90,3.4.21.26
Q9X6R4,3.4.21.26
Q6HA27,3.4.21.26
A2QR21,3.4.21.26
B2RKP0,3.4.21.50
Q7M135,3.4.21.50
P15636,3.4.21.50
Q8NKS6,3.4.21.53
C9DRU9,3.4.21.53
Q84FG5,3.4.21.53
A8HYF7,3.4.21.53
Q5JIZ5,3.4.21.62
D0VYQ9,3.4.21.62
S5S2B8,3.4.21.62
P12547,3.4.21.63
B5Y6G0,3.4.21.66
Q51169,3.4.21.72
P44969,3.4.21.72
K0J2A4,3.4.21.83
K0J8D4,3.4.21.83
C0ZRJ2,3.4.21.83
P28784,3.4.22.37
B2RKU0,3.4.22.37
Q51844,3.4.22.37
Q01532,3.4.22.40
B2RLK2,3.4.22.47
A1S3N8,3.4.23.1
Q97WS1,3.4.23.42
Q97YX7,3.4.23.42
P17118,3.4.23.42
P17811,3.4.23.48
P09169,3.4.23.49
P34210,3.4.23.49
D2TNS3,3.4.23.49
Q4U6L1,3.4.24.13
Q4U6L2,3.4.24.13
L0AQH5,3.4.24.28
Q9F8Q4,3.4.24.30
C7EX18,3.4.24.36
Q3YAW3,3.4.24.40
P10845,3.4.24.69
P10844,3.4.24.69
Q00496,3.4.24.69
Q57236,3.4.24.69
C5A6Q4,3.5.1.1
Q5JHT1,3.5.1.1
R4L284,3.5.1.1
Q9RFN5,3.5.1.1
W0KM71,3.5.1.1
Q76KX0,3.5.1.101
Q57580,3.5.1.102
O53444,3.5.1.104
Q6F4N1,3.5.1.105
P37794,3.5.1.105
A6P4T5,3.5.1.105
Q99PX1,3.5.1.105
Q72G76,3.5.1.11
Q2HPP6,3.5.1.11
Q83YY8,3.5.1.11
Q0R3W5,3.5.1.11
Q93NG1,3.5.1.111
Q8NRQ7,3.5.1.115
Q51732,3.5.1.124
P31658,3.5.1.124
Q46948,3.5.1.124
P45470,3.5.1.124
O58453,3.5.1.14
C9K2Z6,3.5.1.14
Q9KQ52,3.5.1.18
Q8ESQ6,3.5.1.19
Q65NY1,3.5.1.2
Q81BN7,3.5.1.2
K7NB71,3.5.1.2
Q4U1A6,3.5.1.2
Q66V97,3.5.1.2
Q9I596,3.5.1.23
P38298,3.5.1.23
Q02896,3.5.1.23
Q2UN98,3.5.1.23
F7SGU2,3.5.1.24
F7SGA1,3.5.1.24
F7SHH3,3.5.1.24
H6WSA2,3.5.1.24
A5HKP3,3.5.1.24
Q2YS20,3.5.1.24
A0A087D2Y1,3.5.1.24
L0CM48,3.5.1.24
I3QNT6,3.5.1.24
I3QNT4,3.5.1.24
I3QNT2,3.5.1.24
I3QNT0,3.5.1.24
G0YYC2,3.5.1.24
I3QNS8,3.5.1.24
I3QNS9,3.5.1.24
I3QNS7,3.5.1.24
Q52UN2,3.5.1.24
B9V401,3.5.1.24
Q47898,3.5.1.26
I6Y4D2,3.5.1.28
A0A0H2YSJ7,3.5.1.28
P81717,3.5.1.28
F8AEP0,3.5.1.4
E3SVS0,3.5.1.4
P22984,3.5.1.4
B4XEY3,3.5.1.4
Q2V982,3.5.1.41
Q2V983,3.5.1.41
Q2V984,3.5.1.41
Q1XGD4,3.5.1.41
Q5SHB0,3.5.1.42
Q8EQR8,3.5.1.42
Q8J0S3,3.5.1.49
Q8FZW3,3.5.1.5
B3XPZ3,3.5.1.5
B3XPZ2,3.5.1.5
B3XPZ4,3.5.1.5
Q02890,3.5.1.52
Q5KR04,3.5.1.53
Q0BRB0,3.5.1.54
Q9ALV2,3.5.1.54
Q5S260,3.5.1.77
P0AES0,3.5.1.78
S4T8N6,3.5.1.81
I7HFV7,3.5.1.81
P9WIJ3,3.5.1.88
P0A6K3,3.5.1.88
C4M0W5,3.5.1.89
Q81PP9,3.5.1.9
Q9I234,3.5.1.9
B4E9I9,3.5.1.9
Q8Q0G3,3.5.1.90
Q68AP4,3.5.1.91
G3MDB2,3.5.1.93
Q4ZV08,3.5.1.97
C5NU54,3.5.2.19
Q1MW86,3.5.2.19
Q846U5,3.5.2.2
P65907,3.5.2.3
A6T7D6,3.5.2.3
L0CR34,3.5.2.5
B5L363,3.5.2.5
E6Y3G9,3.5.2.6
P62593,3.5.2.6
P28585,3.5.2.6
P13661,3.5.2.6
A3RIY0,3.5.2.6
A0A024FRL9,3.5.2.6
A0A0F6N6D4,3.5.2.6
H6WET3,3.5.2.6
H6WZS9,3.5.2.6
I3VKD5,3.5.2.6
J7I0S9,3.5.2.6
M1VE66,3.5.2.6
A5LH21,3.5.2.6
P16897,3.5.2.6
P14489,3.5.2.6
Q7DH52,3.5.2.6
Q2HY42,3.5.2.6
Q9K2N0,3.5.2.6
Q9XAY4,3.5.2.6
C7C422,3.5.2.6
G3GCC6,3.5.2.6
S5ZIP8,3.5.2.6
T2A6Y2,3.5.2.6
P05364,3.5.2.6
Q59401,3.5.2.6
O31272,3.5.2.6
F2YZ26,3.5.2.6
P00808,3.5.2.6
P52700,3.5.2.6
P04190,3.5.2.6
Q8GCU7,3.5.2.6
B6EPH0,3.5.2.6
P39138,3.5.3.1
Q57757,3.5.3.11
Q5KR05,3.5.3.12
Q9I6J9,3.5.3.12
Q9I6K2,3.5.3.17
Q5SJ85,3.5.3.24
Q5JI38,3.5.3.24
P75713,3.5.3.26
A0A089FQH5,3.5.3.3
A7LCN3,3.5.3.3
B5XMC3,3.5.3.6
Q2HYA0,3.5.3.6
A7LKB0,3.5.3.6
P77425,3.5.3.9
O41078,3.5.4.12
O41078,3.5.4.13
Q5SH52,3.5.4.16
Q8GLS8,3.5.4.16
P53909,3.5.4.2
Q9P6I7,3.5.4.2
L8BT48,3.5.4.2
P25539,3.5.4.26
P17618,3.5.4.26
O28344,3.5.4.27
D1JGU3,3.5.4.27
Q57609,3.5.4.29
A9CK16,3.5.4.33
Q8TWU6,3.5.4.35
Q58185,3.5.4.39
Q9S3M0,3.5.4.5
Q46A53,3.5.4.9
S5M6X9,3.5.5.1
A4LA85,3.5.5.1
Q1W2L4,3.5.5.1
Q5EG61,3.5.5.1
B6Q5I3,3.5.5.1
B0LAW4,3.5.5.5
Q02068,3.5.5.7
Q03217,3.5.5.7
G5DDB2,3.5.5.7
Q4KCL8,3.5.5.7
B8IP05,3.5.99.7
B1M5C5,3.5.99.7
Q8U438,3.6.1.1
O59570,3.6.1.1
O67501,3.6.1.1
Q8A5V9,3.6.1.1
Q7Z031,3.6.1.1
Q93Y52,3.6.1.1
Q949J1,3.6.1.1
Q97YV9,3.6.1.11
Q8NRR8,3.6.1.11
Q8NT99,3.6.1.11
Q6Y656,3.6.1.11
C0H4F3,3.6.1.17
C1AGW8,3.6.1.22
F9VN39,3.6.1.3
Q7LXU1,3.6.1.3
Q7LXX6,3.6.1.3
Q97V06,3.6.1.3
Q97VE6,3.6.1.3
Q97VZ8,3.6.1.3
Q97W25,3.6.1.3
Q97W53,3.6.1.3
Q97ZF9,3.6.1.3
Q97ZV2,3.6.1.3
Q8TGH6,3.6.1.42
Q9HEM6,3.6.1.42
Q6QHT8,3.6.1.5
Q5CXD0,3.6.1.5
P43341,3.6.1.54
Q75UV1,3.6.1.61
P0A776,3.6.1.61
O28046,3.6.1.66
D8KIT5,3.6.1.67
P84142,3.6.1.7
P95547,3.6.1.8
Q0ZS21,3.6.3.14
Q0ZS19,3.6.3.14
Q0ZS18,3.6.3.14
Q0ZS20,3.6.3.14
Q0ZS22,3.6.3.14
Q0ZS23,3.6.3.14
Q0ZS24,3.6.3.14
Q0ZS25,3.6.3.14
Q0ZS26,3.6.3.14
Q58439,3.6.3.2
Q4DMS3,3.6.3.21
Q208R5,3.6.3.21
Q5V9R8,3.6.3.23
Q5V9R9,3.6.3.23
Q5V9S0,3.6.3.23
Q5V9S1,3.6.3.23
Q5V9S2,3.6.3.23
P25297,3.6.3.27
P25360,3.6.3.27
P27514,3.6.3.27
P39535,3.6.3.27
P46920,3.6.3.32
P06611,3.6.3.33
Q9HUG8,3.6.3.39
O67203,3.6.3.4
O67432,3.6.3.4
P97046,3.6.3.44
P37093,3.6.3.50
O30438,3.6.3.50
Q9WYF3,3.6.3.54
Q93KD6,3.6.3.55
Q316W1,3.6.3.55
Q76DT8,3.6.3.7
P05659,3.6.4.1
Q9RA63,3.6.4.10
P95479,3.6.4.12
D0KN27,3.6.4.12
P95949,3.6.4.12
O24736,3.6.4.12
J7HDV0,3.6.4.12
P9WMP9,3.6.4.12
P07271,3.6.4.12
P35187,3.6.4.12
P51979,3.6.4.12
Q12039,3.6.4.12
Q9UUA2,3.6.4.12
Q8TZL6,3.6.4.9
P48424,3.6.4.9
P48425,3.6.4.9
J3T995,3.6.4.9
O30560,3.6.4.9
O30561,3.6.4.9
Q9HHA2,3.6.4.9
P30925,3.6.5.3
P35021,3.6.5.3
Q64214,3.6.5.3
P60785,3.6.5.3
Q8IJ32,3.6.5.5
Q9RWN5,3.6.5.6
M5AIH9,3.7.1.1
D5LIR7,3.7.1.1
O87872,3.7.1.21
Q0QFQ3,3.7.1.23
Q715L4,3.7.1.4
P9WNH5,3.7.1.8
B5SU85,3.7.1.8
Q88B12,3.8.1.10
Q96XE7,3.8.1.2
M9P6K0,3.8.1.2
Q73Y99,3.8.1.5
Q9XB14,3.8.1.5
G4I2J6,3.8.1.5
G4I5P8,3.8.1.5
A6G7B1,3.8.1.5
A8CFB7,3.8.1.5
E2RV69,3.8.1.5
A0A0P1IZI1,3.8.1.5
B8YPW8,3.8.1.5
A0A075Q354,4.1.1.1
A9H275,4.1.1.1
Q8KTX6,4.1.1.1
Q8NK65,4.1.1.1
Q8NK64,4.1.1.1
Q9UUT6,4.1.1.1
Q5S3L3,4.1.1.101
Q9R4W3,4.1.1.102
Q60FX6,4.1.1.103
Q60358,4.1.1.11
Q9X4N0,4.1.1.11
Q0GE18,4.1.1.15
P69910,4.1.1.15
B1B389,4.1.1.15
K4HXK6,4.1.1.15
D6PXK5,4.1.1.15
A9ZM78,4.1.1.15
Q58P26,4.1.1.17
A4Q8H0,4.1.1.17
Q9UWU1,4.1.1.19
Q5JFI4,4.1.1.19
Q5NT93,4.1.1.19
P28629,4.1.1.19
O34767,4.1.1.2
B3Y006,4.1.1.22
Q1JU59,4.1.1.22
Q1JU60,4.1.1.22
Q1JU61,4.1.1.22
Q1JU62,4.1.1.22
Q8KXD2,4.1.1.25
A2I9X8,4.1.1.25
J7GQ11,4.1.1.25
Q7B9Y8,4.1.1.25
Q97WG4,4.1.1.31
P0A3X6,4.1.1.31
Q6F494,4.1.1.32
Q96V00,4.1.1.35
O93627,4.1.1.39
Q8THG2,4.1.1.39
Q9YGB5,4.1.1.48
Q9UWY8,4.1.1.50
C0H3U9,4.1.1.61
P20906,4.1.1.7
Q684J7,4.1.1.72
P51852,4.1.1.74
P58314,4.1.2.13
Q980K6,4.1.2.13
Q9RHA2,4.1.2.13
A1YZ23,4.1.2.13
I3EBM6,4.1.2.13
D4GYE0,4.1.2.13
Q05567,4.1.2.27
A2BLE9,4.1.2.4
Q9Y948,4.1.2.4
B5IEU6,4.1.2.4
Q877I0,4.1.2.4
P75823,4.1.2.48
P37303,4.1.2.48
Q6KZI8,4.1.2.51
F9VPG1,4.1.2.55
A0JC77,4.1.2.56
Q88S87,4.1.2.9
Q88U67,4.1.2.9
Q97YI8,4.1.3.1
Q9I0K4,4.1.3.1
A8C781,4.1.3.1
A8C5K8,4.1.3.1
Q9YGB3,4.1.3.27
P9WFX3,4.1.3.27
Q2G160,4.1.3.3
Q9CKB0,4.1.3.3
B9DIJ2,4.1.3.3
P0A6L4,4.1.3.3
Q2L887,4.1.3.32
Q8IKP7,4.1.3.38
P51017,4.1.3.39
Q8GRC8,4.1.3.41
Q9V1F9,4.1.3.44
Q6LP64,4.1.99.1
O87943,4.1.99.11
Q39VF1,4.1.99.11
A2TBP7,4.1.99.11
P0A7J0,4.1.99.12
Q5A3V6,4.1.99.12
M1V623,4.1.99.13
A4IQU1,4.1.99.14
A0JC76,4.1.99.20
Q9XHE2,4.1.99.3
Q54764,4.1.99.5
Q7V6D4,4.1.99.5
C3W4Q7,4.2.1.1
P45148,4.2.1.1
C1L335,4.2.1.1
C1L336,4.2.1.1
P9WPX7,4.2.1.10
D3RXI0,4.2.1.100
E1CJF8,4.2.1.103
Q4K977,4.2.1.103
A4GXA0,4.2.1.104
Q4JQJ3,4.2.1.108
O31668,4.2.1.109
I7MAL0,4.2.1.109
Q9UWJ5,4.2.1.11
Q2YPV0,4.2.1.11
Q1ET73,4.2.1.11
P84193,4.2.1.110
Q47Q21,4.2.1.113
P72145,4.2.1.115
Q9HX12,4.2.1.119
P44862,4.2.1.126
E1XUJ2,4.2.1.127
P33247,4.2.1.129
Q9X024,4.2.1.136
P94368,4.2.1.136
Q97U27,4.2.1.140
Q6L1T2,4.2.1.140
H2VFK0,4.2.1.169
Q8KBL0,4.2.1.169
A5Y6J1,4.2.1.2
P55250,4.2.1.2
B1VB64,4.2.1.28
B1VB65,4.2.1.28
B1VB66,4.2.1.28
A8CH84,4.2.1.30
Q59475,4.2.1.30
A6NA25,4.2.1.30
A6NA24,4.2.1.30
A8CIU9,4.2.1.30
Q6L1T2,4.2.1.39
Q6FFQ2,4.2.1.40
D3JU53,4.2.1.47
Q97U96,4.2.1.5
O30012,4.2.1.51
B9E972,4.2.1.53
D3RXI4,4.2.1.55
P33025,4.2.1.70
F8U969,4.2.1.76
H3ZMH8,4.2.1.77
P24215,4.2.1.8
Q9KWL6,4.2.1.83
D0IZN8,4.2.1.83
Q93PS9,4.2.1.83
Q7SID3,4.2.1.84
Q7SID2,4.2.1.84
Q5XPL4,4.2.1.84
Q5XPL5,4.2.1.84
Q6XMT2,4.2.1.84
Q6XMT1,4.2.1.84
A5W402,4.2.1.84
P77215,4.2.1.90
Q8VLQ8,4.2.2.1
Q8VLQ7,4.2.2.1
Q6H8W8,4.2.2.1
Q6H8W9,4.2.2.1
Q6H8X0,4.2.2.1
Q6H8X1,4.2.2.1
Q6H8X2,4.2.2.1
Q6H8X4,4.2.2.1
Q6H8X5,4.2.2.1
Q6H8X6,4.2.2.1
Q6H8X7,4.2.2.1
Q6H8X8,4.2.2.1
Q6H8Y0,4.2.2.1
Q6H8Y1,4.2.2.1
Q6H8Y2,4.2.2.1
Q6H8Y3,4.2.2.1
Q6H8Y4,4.2.2.1
C0M9W4,4.2.2.1
Q01172,4.2.2.10
I6P4V6,4.2.2.11
D1MX66,4.2.2.11
Q46079,4.2.2.19
Q7X0P2,4.2.2.2
D8WN00,4.2.2.2
Q9X6Z2,4.2.2.2
D3JTC1,4.2.2.2
D3JTC2,4.2.2.2
D8X179,4.2.2.2
P39116,4.2.2.2
D8X180,4.2.2.2
B2ZFM0,4.2.2.2
D8X181,4.2.2.2
Q93J76,4.2.2.2
Q93RU6,4.2.2.2
P04959,4.2.2.2
P11073,4.2.2.2
P18209,4.2.2.2
P0C1A2,4.2.2.2
O50325,4.2.2.2
Q8P6Z9,4.2.2.2
Q8PCR8,4.2.2.2
J9R912,4.2.2.2
Q8GCB2,4.2.2.22
I2FIL2,4.2.2.23
P85513,4.2.2.25
T1RPY0,4.2.2.26
Q59478,4.2.2.3
G0L2Y1,4.2.2.3
I6P4V6,4.2.2.3
O50660,4.2.2.3
Q9L7P2,4.2.2.3
A1JMA5,4.2.2.6
C0JBW5,4.2.2.7
Q8KKH9,4.2.2.7
C7EXL6,4.2.2.8
Q9Z5P8,4.2.2.9
P9WG59,4.2.3.1
G3FNL7,4.2.3.12
Q9S5E2,4.2.3.124
A8D7K2,4.2.3.152
Q3M6C3,4.2.3.154
Q08VU0,4.2.3.155
C6WFL3,4.2.3.155
D9XD61,4.2.3.169
Q9X839,4.2.3.22
B0FLN6,4.2.3.22
Q82L49,4.2.3.22
Q9AJE3,4.2.3.36
Q82IV1,4.2.3.37
P56081,4.2.3.4
O29876,4.2.99.18
P22936,4.2.99.18
O15922,4.2.99.18
Q51507,4.2.99.21
Q0PC50,4.3.1.1
A0A0X1KHE6,4.3.1.17
Q4A041,4.3.1.18
Q3AEU2,4.3.1.2
Q2VMT1,4.3.1.24
O15918,4.3.2.2
A0R4I6,4.3.2.2
P0AB89,4.3.2.2
P12047,4.3.2.2
Q8RBI5,4.3.3.7
Q9I4W3,4.3.3.7
E9AFE7,4.4.1.1
Q5MQ31,4.4.1.11
D4GYV5,4.4.1.16
Q8L0X3,4.4.1.28
A6YH85,4.4.1.8
B7TXX4,4.5.1.3
P21161,4.5.1.3
Q50402,4.5.1.3
Q50403,4.5.1.3
Q8I7A1,4.6.1.1
Q5UFR5,4.6.1.1
P0DKX7,4.6.1.1
P00936,4.6.1.1
Q59119,4.6.1.1
P45723,4.6.1.13
Q9YBF1,4.6.1.16
Q9YE85,4.6.1.16
Q76EV4,4.99.1.5
A7E8M5,4.99.1.6
Q8R860,5.1.1.1
P63479,5.1.1.1
Q1XG01,5.1.1.1
Q932V0,5.1.1.1
P94494,5.1.1.1
P10725,5.1.1.1
Q9S5V6,5.1.1.1
Q2V0H1,5.1.1.18
M1GRN3,5.1.1.21
Q9A1B7,5.1.1.3
Q81LA8,5.1.1.3
Q81UL8,5.1.1.3
D7VBA0,5.1.1.3
P94556,5.1.1.3
S0APF4,5.1.1.4
M0LMI3,5.1.1.4
A8DEZ8,5.1.1.4
Q04HB7,5.1.1.5
S0APF4,5.1.1.8
Q9WYS1,5.1.2.7
B3XZI5,5.1.3.11
Q5LH66,5.1.3.11
P9WH11,5.1.3.13
C5J048,5.1.3.13
O33707,5.1.3.13
Q6LZC4,5.1.3.14
Q1N097,5.1.3.17
O73960,5.1.3.2
A3MUJ4,5.1.3.2
Q81JK4,5.1.3.2
Q81K34,5.1.3.2
Q9Y7X5,5.1.3.2
Q9XC59,5.1.3.28
A8RG82,5.1.3.30
C1KKR1,5.1.3.31
A7LVG6,5.1.3.8
A4YEG2,5.1.99.1
O06543,5.1.99.4
P0AC19,5.1.99.7
Q5YXQ1,5.2.1.1
F8G0M3,5.2.1.1
Q9P9H4,5.2.1.8
Q97VM8,5.3.1.1
B8E1U6,5.3.1.14
A4XHV7,5.3.1.14
D5LNE5,5.3.1.14
A8CEF6,5.3.1.14
B8DZQ9,5.3.1.15
A3E7Z6,5.3.1.15
D5MTT1,5.3.1.15
Q56320,5.3.1.24
P16250,5.3.1.24
B8E1T1,5.3.1.25
A4XJ56,5.3.1.25
P23495,5.3.1.26
O59601,5.3.1.27
Q9LBW5,5.3.1.27
D3QT67,5.3.1.32
Q2YIQ6,5.3.1.33
K7SW59,5.3.1.4
Q70G56,5.3.1.4
F6KRI7,5.3.1.4
Q2VMT2,5.3.1.4
Q6VAK6,5.3.1.4
A0LT86,5.3.1.4
Q9S467,5.3.1.4
I3ZR32,5.3.1.4
Q88S84,5.3.1.4
A9J246,5.3.1.4
Q65J10,5.3.1.4
G1JRK8,5.3.1.4
C7F8M0,5.3.1.4
D2DK62,5.3.1.5
O50083,5.3.1.6
P9WKD7,5.3.1.6
O58649,5.3.1.8
Q5SIM4,5.3.1.8
Q9AGZ4,5.3.1.8
Q9YE01,5.3.1.9
O28778,5.3.1.9
Q9HIC2,5.3.1.9
P50740,5.3.3.2
Q0QLE6,5.3.3.6
Q980T5,5.3.4.1
A9WC36,5.4.1.3
B3WD16,5.4.2.10
I6Y2G3,5.4.2.2
F4NCC3,5.4.2.3
Q6I7B6,5.4.2.7
Q980S1,5.4.2.8
F4NCC2,5.4.2.8
Q9KZL6,5.4.2.8
Q9KHJ9,5.4.3.11
Q0VZ68,5.4.3.6
B8ZV93,5.4.3.6
E1XUJ2,5.4.4.4
Q6XKX6,5.4.99.11
D0VX20,5.4.99.11
Q6XNK6,5.4.99.11
S5YEW8,5.4.99.11
Q9RJ84,5.4.99.13
O51799,5.4.99.14
Q5SL15,5.4.99.16
Q7WUI5,5.4.99.16
B1PK99,5.4.99.16
Q1J0Z5,5.4.99.16
B6E9W1,5.4.99.16
B8YM30,5.4.99.16
Q9RST7,5.4.99.16
P33247,5.4.99.17
B1PT66,5.4.99.17
B7XBM0,5.4.99.2
P48567,5.4.99.25
O30012,5.4.99.5
P9WIB9,5.4.99.5
A0QU81,5.4.99.5
Q9P4D8,5.4.99.5
Q6E7F1,5.4.99.59
A9CEQ8,5.5.1.27
Q06AK7,5.99.1.2
P9WG49,5.99.1.2
A5U8X0,5.99.1.2
Q81IH1,5.99.1.2
P95479,5.99.1.3
A3MU01,5.99.1.3
Q5KSK9,5.99.1.3
Q5UPJ7,6.1.1.1
Q9V011,6.1.1.10
O74634,6.1.1.10
Q4CW46,6.1.1.11
Q84F26,6.1.1.11
Q8I2B1,6.1.1.12
P39581,6.1.1.13
Q5SM28,6.1.1.15
Q6LZD3,6.1.1.15
Q9UWP2,6.1.1.16
P27000,6.1.1.17
P00962,6.1.1.18
P56926,6.1.1.18
O59147,6.1.1.19
O28579,6.1.1.2
P00953,6.1.1.2
Q8CT69,6.1.1.2
C4LU94,6.1.1.2
C4LUB5,6.1.1.2
C4M7U9,6.1.1.2
Q580R7,6.1.1.2
Q5CYP8,6.1.1.2
O57980,6.1.1.22
O07683,6.1.1.23
Q1L6A3,6.1.1.26
O30126,6.1.1.27
Q9YDW0,6.1.1.3
Q9YFY3,6.1.1.3
Q58597,6.1.1.3
Q980D1,6.1.1.3
P26637,6.1.1.4
Q45477,6.1.1.5
O57963,6.1.1.6
Q9YFT9,6.1.1.6
Q9RHV9,6.1.1.6
P74941,6.1.1.7
Q2I0L7,6.2.1.1
Q2XNL6,6.2.1.1
Q6EMJ3,6.2.1.1
F1CYZ6,6.2.1.12
Q8TLW1,6.2.1.2
O74725,6.2.1.2
Q81K97,6.2.1.26
Q5CD72,6.2.1.3
Q72K16,6.2.1.30
D3GE78,6.2.1.30
O74725,6.2.1.30
Q9I4X3,6.2.1.32
Q973W5,6.2.1.36
A4YDR9,6.2.1.40
Q5LVM3,6.2.1.44
A8BBP6,6.2.1.45
Q6TNA5,6.2.1.46
P0A836,6.2.1.5
P0AGE9,6.2.1.5
Q0VPF7,6.2.1.5
Q0VPF8,6.2.1.5
W0PAN5,6.2.1.5
W0PFR9,6.2.1.5
B3TZD9,6.2.1.5
B3TZD8,6.2.1.5
Q60182,6.3.1.2
Q9HH09,6.3.1.2
O08467,6.3.1.2
Q4ZH57,6.3.1.2
P9WN39,6.3.1.2
B8ZJH0,6.3.1.2
Q9HKT2,6.3.1.20
Q9HKT1,6.3.1.20
P0AES0,6.3.1.8
Q5DM89,6.3.1.8
G5D5D5,6.3.1.9
Q5DM89,6.3.1.9
Q711P7,6.3.1.9
Q2FV22,6.3.2.1
I6Y0R5,6.3.2.12
P9WJL3,6.3.2.13
P0ADI4,6.3.2.14
P10378,6.3.2.14
P11454,6.3.2.14
P0A6W9,6.3.2.2
Q3IFA2,6.3.2.3
O28028,6.3.2.31
Q58178,6.3.2.31
Q58407,6.3.2.32
Q58037,6.3.2.33
O28028,6.3.2.34
Q58178,6.3.2.34
P46805,6.3.2.4
Q2N4T5,6.3.2.4
Q5H614,6.3.2.4
Q8PUQ1,6.3.2.44
P37773,6.3.2.45
B5UAT8,6.3.2.48
Q73KK9,6.3.2.49
C0STU2,6.3.2.49
B2DEW2,6.3.2.49
Q842E2,6.3.2.49
Q2FZP6,6.3.2.7
A5U4I2,6.3.2.9
O66837,6.3.4.15
P0A7E5,6.3.4.2
C7P8V7,6.3.4.24
Q57981,6.3.4.4
B0V8W9,6.3.5.1
O59071,6.3.5.2
O59072,6.3.5.2
Q8J2Z5,6.4.1.2
Q12721,6.4.1.2
Q6SZP8,6.4.1.2
Q57635,6.5.1.1
Q976G4,6.5.1.1
Q9P9K9,6.5.1.1
Q50566,6.5.1.1
C4M5H3,6.5.1.1
O41026,6.5.1.1
Q9F150,6.5.1.2
P49421,6.5.1.2
Q9HH07,6.5.1.6
P26162,6.6.1.1
